PROMEDIO;STD;APRO_N1;APRO_N2;APRO_N3;APRO_N4;APRO_N5;APRO_N6;APRO_N7;APRO_N8;PERD_N1;PERD_N2;PERD_N3;PERD_N4;PERD_N5;PERD_N6;PERD_N7;PERD_N8;RETIROS;STATUS
13,03;0,96;2;0;0;0;0;0;0;0;4;0;0;0;0;0;0;0;0;2
13,75;4,12;5;0;0;0;0;0;0;0;2;2;0;0;0;0;0;0;0;2
16,11;1,42;7;6;7;5;6;5;5;7;0;0;0;0;0;0;0;0;0;1
13,70;2,31;6;2;1;0;0;0;0;0;1;7;0;0;0;0;0;0;0;2
13,95;2,95;7;7;6;6;7;3;3;0;6;5;0;3;2;0;1;0;0;1
14,97;1,13;7;6;7;6;6;5;5;1;6;0;0;0;1;1;2;0;0;1
11,50;2,95;3;1;0;0;0;0;0;0;3;2;1;0;0;0;0;0;0;1
14,87;1,64;6;5;2;0;0;0;0;0;1;3;0;0;0;0;0;0;0;2
11,58;3,84;3;0;0;1;0;0;0;0;4;2;0;0;0;0;0;0;0;2
12,87;2,62;2;1;0;0;0;0;0;0;3;0;0;0;0;0;0;0;0;1
12,68;2,92;5;2;1;0;0;0;0;0;2;5;0;0;0;0;0;0;0;1
13,41;5,23;4;1;0;0;0;0;0;0;1;0;0;0;0;0;0;0;0;1
5,99;2,87;0;0;0;0;0;0;0;0;6;0;0;0;0;0;0;0;0;2
13,71;4,56;5;0;0;0;0;0;0;0;0;1;0;0;0;0;0;0;0;1
11,70;1,25;7;4;0;0;0;0;0;0;7;7;0;0;0;0;0;0;0;2
2,95;2,41;0;0;0;0;0;0;0;0;6;0;0;0;0;0;0;0;0;2
15,42;1,72;7;7;5;5;7;4;0;0;0;2;2;1;0;1;0;0;0;1
13,68;1,82;5;4;2;0;0;0;0;0;3;3;3;0;0;0;0;0;0;2
15,24;1,53;7;6;7;6;6;5;5;3;0;0;2;0;1;3;0;0;0;1
14,85;1,31;8;4;6;6;6;5;0;0;2;2;4;1;0;0;0;0;0;1
14,15;2,89;7;2;4;6;6;1;0;0;5;2;0;2;1;0;0;0;0;1
15,35;1,86;6;6;7;9;6;5;5;7;3;1;4;0;0;0;1;0;0;1
15,77;1,25;7;6;7;5;6;5;5;6;0;0;0;0;0;0;0;1;0;1
9,76;4,93;4;1;0;0;0;0;0;0;5;3;0;0;0;0;0;0;0;2
17,26;0,81;5;5;6;6;6;5;0;0;0;0;0;0;0;0;0;0;0;1
15,10;2,23;5;4;1;0;0;0;0;0;0;1;0;0;0;0;0;0;0;1
14,55;1,87;5;4;1;0;0;0;0;0;0;3;2;0;0;0;0;0;0;2
14,98;1,49;7;5;3;1;0;0;0;0;0;2;1;0;0;0;0;0;0;2
8,57;4,29;2;0;0;0;0;0;0;0;4;1;0;0;0;0;0;0;0;2
15,77;1,40;6;5;6;0;1;0;0;0;0;0;0;0;0;0;0;0;0;1
15,23;1,51;5;4;5;2;0;0;0;0;1;1;3;1;0;0;0;0;0;1
10,95;6,27;6;6;0;0;0;0;0;0;3;4;4;1;0;0;0;0;0;2
16,07;1,67;8;4;7;9;6;5;8;5;0;0;1;0;0;0;0;0;2;1
14,84;1,83;8;4;6;5;7;1;1;0;0;3;1;3;1;0;0;0;0;1
7,88;1,52;0;0;0;0;0;0;0;0;10;2;0;0;0;0;0;0;0;2
15,06;1,06;5;5;6;6;6;5;0;0;0;1;0;0;0;0;0;0;0;1
15,47;1,99;4;1;0;0;0;0;0;0;1;0;0;0;0;0;0;0;0;2
14,28;3,29;6;3;3;0;0;0;0;0;0;3;2;0;0;0;0;0;0;1
14,58;2,17;7;6;5;4;4;1;0;0;3;5;0;1;0;0;0;0;0;2
12,83;2,65;5;3;1;1;0;0;0;0;1;4;4;3;1;0;0;0;0;1
2,40;1,13;0;0;0;0;0;0;0;0;5;1;0;0;0;0;0;0;0;2
15,95;1,59;5;5;6;6;4;1;0;0;1;1;1;0;0;0;0;0;0;1
15,03;0,76;6;0;0;0;0;0;0;0;1;2;0;0;0;0;0;0;0;2
14,38;2,71;6;3;4;0;0;0;0;0;0;3;0;0;0;0;0;0;0;1
14,58;3,04;6;0;0;0;0;0;0;0;2;3;0;0;0;0;0;0;0;1
15,53;1,43;5;5;6;4;1;0;0;0;0;3;1;0;0;0;0;0;0;1
14,75;2,03;7;7;5;4;5;2;0;0;2;4;0;2;0;0;0;0;0;1
16,69;1,48;8;4;6;6;7;5;3;0;0;1;1;0;0;0;0;0;0;1
15,81;1,24;7;6;7;5;6;5;5;7;0;0;0;0;0;3;0;0;0;1
15,45;1,73;8;5;5;1;1;0;0;0;2;0;1;0;0;0;0;0;0;2
13,23;5,58;6;3;0;0;0;0;0;0;2;5;0;0;0;0;0;0;0;2
13,75;3,62;7;3;2;0;0;0;0;0;4;4;0;0;0;0;0;0;0;2
16,22;1,22;7;6;7;9;5;5;5;7;0;0;0;0;0;0;0;3;0;1
16,10;1,69;8;4;6;6;7;5;1;1;3;0;0;2;0;0;0;0;0;1
15,87;1,88;8;4;6;6;6;5;3;0;0;1;1;0;1;0;0;0;0;1
13,28;4,37;5;0;0;0;0;1;0;0;3;4;0;0;0;0;0;0;0;1
15,28;2,59;7;6;7;9;5;5;5;6;3;0;0;1;0;0;1;3;0;1
15,76;1,38;5;5;6;6;3;0;0;0;0;1;0;0;0;0;0;0;0;1
14,47;2,97;6;1;0;0;0;0;0;0;4;2;0;0;0;0;0;0;0;1
14,88;1,11;7;6;7;6;5;4;3;0;0;2;1;0;2;0;3;0;0;1
16,14;1,39;7;6;8;8;6;5;5;6;0;0;2;0;0;0;0;1;0;1
10,89;3,84;4;0;0;0;0;0;0;0;7;0;0;0;0;0;0;0;0;2
13,52;1,91;4;1;0;0;0;0;0;0;2;2;1;0;0;0;0;0;0;2
15,84;1,76;7;6;7;8;6;7;5;6;1;1;0;0;0;0;0;1;0;1
13,14;2,28;4;0;0;0;0;0;0;0;6;3;0;0;0;0;0;0;0;1
15,34;3,09;7;6;7;5;6;5;5;6;3;3;1;1;1;0;1;4;2;1
16,01;1,68;6;7;8;8;6;5;5;5;0;0;0;0;0;0;0;1;1;1
15,03;1,83;8;4;6;6;5;2;0;0;0;2;1;1;3;0;0;0;0;1
13,75;3,15;4;1;0;0;0;0;0;0;2;0;0;0;0;0;0;0;0;2
14,24;2,65;6;1;0;0;0;0;0;0;2;1;0;0;0;0;0;0;0;2
15,59;1,54;8;5;6;2;5;1;0;1;4;0;0;0;2;0;0;0;0;1
15,23;2,89;7;6;6;5;6;5;5;0;0;1;0;0;5;0;0;0;0;1
14,55;1,07;4;3;1;0;0;0;0;0;1;2;0;0;0;0;0;0;0;1
15,93;1,61;8;5;6;5;7;5;1;1;3;0;0;2;1;0;0;0;0;1
9,43;5,05;2;0;0;0;0;0;0;0;2;2;2;0;0;0;0;0;0;2
15,38;1,08;7;6;7;5;6;5;5;1;1;1;0;1;1;0;0;0;0;1
14,13;2,44;5;2;0;0;0;0;0;0;2;1;0;0;0;0;0;0;0;1
16,39;1,74;6;5;5;3;1;0;0;0;0;1;1;0;0;0;0;0;0;1
11,49;4,75;6;4;1;0;0;0;0;0;4;4;0;0;0;0;0;0;0;2
15,50;0,93;5;5;6;0;1;0;0;0;0;0;0;0;0;0;0;0;0;2
12,30;3,47;5;1;0;0;0;0;0;0;3;0;0;0;0;0;0;0;0;2
14,47;0,86;6;7;6;8;0;0;0;0;0;3;1;0;1;0;0;0;0;2
13,45;1,44;4;0;0;0;0;0;0;0;4;1;0;0;0;0;0;0;0;2
16,39;1,38;7;6;7;5;6;5;5;7;0;0;1;0;0;0;0;0;0;1
16,13;1,75;7;7;5;5;7;5;5;0;1;0;0;0;2;0;0;0;0;1
14,59;0,87;5;1;0;0;0;0;0;0;2;0;0;0;0;0;0;0;0;1
16,56;1,46;8;4;7;9;6;5;8;5;0;0;1;0;0;0;0;0;2;1
12,89;3,72;4;0;0;0;0;0;0;0;1;1;0;0;0;0;0;0;0;2
15,40;1,53;6;5;4;0;0;0;0;0;0;2;1;0;0;0;0;0;0;1
11,18;4,26;5;2;0;0;0;0;0;0;4;5;3;0;0;0;0;0;0;2
15,14;2,56;7;7;6;5;6;5;0;0;1;4;0;2;0;0;0;0;0;1
10,32;4,20;3;0;0;0;0;0;0;0;4;3;0;0;0;0;0;0;0;2
13,73;4,07;5;1;0;0;0;0;0;0;1;0;0;0;0;0;0;0;0;2
15,97;1,30;5;5;6;6;6;5;0;0;0;0;0;0;1;0;0;0;0;1
16,15;2,00;7;7;5;5;7;5;5;0;0;0;1;0;1;1;0;0;0;1
15,64;1,73;6;7;8;9;5;5;5;6;1;2;0;1;0;0;0;2;0;1
15,17;3,74;5;1;0;0;0;0;0;1;3;0;0;0;0;0;0;0;0;2
8,94;3,82;2;0;0;0;0;0;0;0;11;1;0;0;0;0;0;0;0;2
16,22;1,33;5;5;6;6;6;0;0;0;0;0;0;0;0;0;0;0;0;1
11,88;4,46;6;4;2;1;0;0;0;0;3;2;1;0;0;0;0;0;6;2
16,40;1,35;5;5;6;6;6;0;0;0;0;0;0;0;0;0;0;0;0;1
17,52;1,26;8;4;8;9;5;5;8;7;0;0;0;0;0;0;0;0;0;1
16,82;1,02;7;7;5;5;7;5;5;7;0;0;0;0;0;0;0;0;0;1
10,71;6,44;3;0;0;0;0;0;0;0;2;1;0;0;0;0;0;0;0;1
6,63;1,19;0;0;0;0;0;0;0;0;5;1;0;0;0;0;0;0;0;2
15,50;1,02;5;3;0;0;0;0;0;0;1;1;0;0;0;0;0;0;0;1
10,95;4,65;4;0;0;0;0;0;0;0;2;4;0;0;0;0;0;0;0;1
8,01;5,33;1;0;0;0;0;0;0;0;5;0;0;0;0;0;0;0;0;2
11,17;3,62;1;0;0;0;0;0;0;0;5;2;0;0;0;0;0;0;0;2
15,42;2,20;6;7;7;9;5;5;5;5;2;2;1;0;0;0;0;1;1;1
12,02;4,85;3;0;0;0;0;0;0;0;2;1;0;0;0;0;0;0;0;1
13,78;2,53;6;5;0;0;0;0;0;0;0;3;2;0;0;0;0;0;0;1
1,65;0,87;0;0;0;0;0;0;0;0;5;1;0;0;0;0;0;0;0;2
14,83;1,06;8;2;1;0;0;0;0;0;1;2;0;0;0;0;0;0;1;2
16,17;2,34;7;6;7;9;6;7;5;8;2;0;2;0;0;0;0;0;0;1
15,23;2,98;7;6;7;8;8;5;5;0;3;8;0;1;2;0;0;0;0;1
15,03;1,37;6;7;7;5;6;5;5;7;1;2;2;0;0;1;1;0;0;1
17,06;1,22;5;5;6;6;6;0;0;0;0;0;0;0;0;0;0;0;0;1
8,01;5,78;1;0;0;0;0;0;0;0;5;4;0;0;0;0;0;0;0;1
15,68;1,51;7;6;7;5;6;5;5;7;0;1;2;0;0;2;0;0;0;1
15,21;1,10;5;5;6;6;6;5;1;0;0;0;0;0;0;3;0;0;0;1
14,47;1,68;4;1;0;0;0;0;0;0;1;0;0;0;0;0;0;0;0;1
11,56;2,42;3;0;0;0;0;0;0;0;7;3;0;0;0;0;0;0;0;2
12,21;4,02;4;0;0;0;0;0;0;0;3;1;0;0;0;0;0;0;0;2
15,35;1,23;5;5;6;6;6;4;0;0;0;0;0;0;3;1;0;0;0;1
12,77;3,29;4;0;0;0;0;0;0;0;3;2;0;0;0;0;0;0;0;2
4,41;0,95;0;0;0;0;0;0;0;0;5;1;0;0;0;0;0;0;0;2
10,66;2,75;1;0;0;0;0;0;0;0;4;1;0;0;0;0;0;0;0;2
15,79;1,97;7;6;7;8;7;5;5;7;0;1;0;1;0;0;0;0;0;1
16,24;1,41;7;6;7;5;6;5;5;3;0;0;0;0;0;0;0;0;0;1
14,07;2,35;4;1;0;0;0;0;0;0;1;0;0;0;0;0;0;0;0;1
13,51;1,77;6;4;1;0;0;0;0;0;2;3;1;0;0;0;0;0;0;2
16,52;1,44;7;7;5;5;7;5;5;7;0;0;0;0;0;0;0;0;0;1
15,12;1,96;6;7;7;7;6;5;5;1;1;2;4;0;0;1;1;0;0;1
10,20;3,85;3;0;0;0;0;0;0;0;7;0;0;0;0;0;0;0;0;2
15,91;1,56;7;6;7;9;5;5;5;6;0;0;1;0;0;0;0;1;0;1
14,00;2,03;6;4;2;0;0;0;0;0;0;3;1;0;0;0;0;0;0;1
16,02;1,10;8;4;6;4;2;0;0;0;0;0;0;0;0;0;0;0;0;2
14,57;2,64;7;6;7;5;6;5;5;1;1;3;3;1;0;0;0;0;0;1
15,51;1,41;8;5;8;8;6;5;5;7;0;1;1;1;0;1;0;0;0;1
16,47;1,27;8;4;6;6;6;5;5;0;0;0;0;0;2;0;0;0;0;1
1,50;1,00;0;0;0;0;0;0;0;0;5;1;0;0;0;0;0;0;0;2
16,70;1,43;8;4;6;6;7;5;5;2;0;0;0;0;1;0;0;0;0;1
8,02;3,29;4;1;0;0;0;0;0;0;8;3;0;1;0;0;0;0;0;2
9,33;1,99;0;0;0;0;0;0;0;0;5;1;0;0;0;0;0;0;0;2
14,43;2,06;7;6;7;6;6;5;2;0;3;1;3;2;0;1;2;0;0;1
15,00;1,44;5;5;6;6;6;4;1;0;0;0;0;2;1;1;0;0;0;1
13,49;1,54;4;0;0;0;0;0;0;0;6;1;0;0;0;0;0;0;0;2
12,68;3,32;7;1;0;0;0;0;0;0;3;4;0;0;0;0;0;0;0;2
17,91;1,00;7;6;8;8;5;7;5;5;0;0;0;0;0;0;0;0;0;1
16,94;1,32;8;4;8;9;5;5;8;6;0;0;0;0;0;0;0;1;0;1
13,14;4,68;4;0;0;0;0;0;0;0;1;1;0;0;0;0;0;0;0;1
6,23;5,37;1;1;0;0;0;0;0;0;8;2;0;0;0;0;0;0;0;2
16,66;1,91;8;4;6;6;6;2;0;0;0;0;2;2;0;1;0;0;0;1
1,38;1,19;0;0;0;0;0;0;0;0;5;1;0;0;0;0;0;0;0;2
16,12;2,26;7;7;6;5;6;5;5;6;2;2;0;0;0;0;0;1;0;1
16,03;1,26;6;1;0;0;0;0;0;0;0;2;1;0;0;0;0;0;0;2
13,71;3,81;6;5;3;0;0;0;0;0;0;2;2;0;0;0;0;0;0;2
12,64;5,71;5;0;0;0;0;0;0;0;3;1;1;1;0;0;0;0;0;2
15,34;1,04;7;6;7;5;6;5;5;7;1;0;0;0;0;1;0;0;0;1
15,40;1,93;5;5;6;6;6;3;0;0;0;1;2;2;0;0;0;0;0;1
15,92;1,44;7;6;8;8;5;7;5;4;0;0;0;0;0;0;0;1;0;1
11,44;4,93;4;2;0;0;0;0;0;0;6;1;0;0;0;0;0;0;0;1
8,97;2,90;1;0;0;0;0;0;0;0;7;2;0;0;0;0;0;0;0;1
16,03;1,22;5;5;6;6;6;5;0;0;0;0;0;0;1;0;0;0;0;1
16,54;1,65;7;6;7;5;6;5;4;0;0;1;1;1;0;0;0;0;0;1
17,21;1,36;6;7;8;8;6;5;5;7;0;0;0;0;0;0;0;0;0;1
16,01;1,21;7;6;7;5;6;5;5;6;2;0;0;0;0;0;0;1;0;1
15,70;1,84;8;5;7;8;6;7;5;7;1;1;0;0;0;0;0;0;0;1
14,70;2,79;3;1;0;0;0;0;0;0;0;1;0;0;0;0;0;0;0;1
12,50;4,68;4;0;0;0;0;0;0;0;1;1;0;0;0;0;0;0;0;1
14,22;1,40;6;1;1;1;0;0;0;0;2;1;0;0;0;0;0;0;0;2
12,08;5,75;4;0;0;0;0;0;0;0;1;1;0;0;0;0;0;0;0;1
14,30;3,42;5;1;0;0;0;0;0;1;2;1;0;0;0;0;0;0;0;2
11,89;4,97;3;0;0;0;0;0;0;0;2;1;0;0;0;0;0;0;0;1
15,63;1,74;7;6;7;5;6;5;5;7;0;0;0;0;0;2;1;0;0;1
15,21;1,49;5;5;6;5;4;1;0;0;1;1;1;1;2;0;0;0;0;1
12,35;4,16;5;3;1;1;0;0;0;0;3;4;2;0;0;0;0;0;0;1
14,82;2,29;5;4;0;0;0;0;0;0;0;1;4;0;0;0;0;0;0;2
11,23;7,36;5;1;0;0;0;0;0;0;0;4;1;0;0;0;0;0;0;2
12,73;3,02;6;4;1;0;0;0;0;0;5;3;2;0;1;0;0;0;0;2
12,60;5,14;3;0;0;0;0;0;0;0;2;1;0;0;0;0;0;0;0;1
13,75;2,88;6;7;6;2;0;0;0;0;1;4;7;5;0;0;0;0;0;2
13,42;3,24;8;3;2;2;1;0;0;0;3;4;3;2;0;0;0;0;0;2
16,81;1,77;7;6;7;9;6;5;5;7;1;0;0;0;0;0;0;0;0;1
14,03;3,71;5;0;0;0;0;0;0;0;0;1;0;0;0;0;0;0;0;1
8,89;4,42;1;1;0;0;0;0;0;0;4;0;0;0;0;0;0;0;0;2
9,67;0,61;0;0;0;0;0;0;0;0;6;0;0;0;0;0;0;0;0;2
14,20;0,88;5;3;0;0;0;0;0;0;1;2;0;0;0;0;0;0;0;2
15,26;2,22;7;6;7;9;5;5;5;7;0;2;3;1;0;0;0;1;0;1
16,35;1,67;7;6;8;8;5;7;5;6;2;0;0;0;0;0;0;1;0;1
16,12;1,61;8;4;8;9;5;5;8;6;0;0;0;0;0;0;0;1;0;1
13,56;5,22;4;0;0;0;0;0;0;0;1;1;0;0;0;0;0;0;0;1
14,31;2,42;6;4;1;0;0;0;0;0;0;2;1;0;0;0;0;0;0;1
14,69;1,84;5;5;6;4;0;0;0;0;1;2;0;2;1;0;0;0;0;1
2,77;1,18;0;0;0;0;0;0;0;0;6;1;0;0;0;0;0;0;0;2
16,28;1,52;6;7;8;8;6;5;5;6;0;0;1;0;0;0;0;0;1;1
16,01;1,44;7;6;7;5;6;5;5;6;0;0;1;0;0;0;0;1;0;1
15,66;1,74;8;5;7;8;6;7;6;4;0;0;1;0;0;0;0;1;0;1
12,49;3,64;6;3;0;0;0;0;0;0;0;5;1;0;0;0;0;0;0;1
14,02;1,92;4;2;0;0;0;0;0;0;2;1;0;0;0;0;0;0;0;1
13,83;2,69;6;5;3;0;0;0;0;0;5;1;0;0;0;0;0;0;0;2
14,53;2,97;7;6;7;5;5;3;1;0;4;4;2;3;2;0;0;0;0;1
14,81;2,99;4;1;0;0;0;0;0;0;2;0;0;0;0;0;0;0;0;2
15,87;2,04;8;5;6;5;6;5;5;0;1;0;1;1;1;0;0;0;0;1
9,87;0,74;0;0;0;0;0;0;0;0;5;1;0;0;0;0;0;0;0;2
13,06;0,90;4;0;0;0;0;0;0;0;6;2;0;0;0;0;0;0;0;2
14,91;2,23;6;7;7;9;6;5;5;7;4;1;5;0;0;0;0;0;0;1
14,68;2,34;6;4;1;1;0;0;0;0;0;3;0;0;0;0;0;0;0;1
13,66;4,52;6;3;1;0;0;0;0;0;2;3;1;0;0;0;0;0;0;2
13,79;2,91;5;5;4;3;1;0;0;0;1;2;5;0;0;0;0;0;0;1
14,63;1,17;5;5;5;1;1;0;0;0;2;1;3;0;0;0;0;0;0;1
8,63;2,56;0;0;0;0;0;0;0;0;8;2;0;0;0;0;0;0;0;2
13,56;2,38;5;4;2;1;0;0;0;0;0;5;5;0;0;0;0;0;0;1
18,03;1,08;5;5;1;0;0;0;0;0;0;0;0;0;0;0;0;0;0;1
12,45;4,22;4;0;0;0;0;0;0;0;1;1;0;0;0;0;0;0;0;1
11,44;4,75;5;1;0;0;0;0;0;0;2;3;0;0;0;0;0;0;0;2
17,13;1,55;7;6;7;8;6;6;6;6;2;0;0;0;0;0;0;1;0;1
16,89;1,08;5;1;0;0;0;0;0;0;0;0;0;0;0;0;0;0;0;1
15,58;1,55;5;5;6;6;6;0;0;0;2;1;1;0;0;0;0;0;0;1
9,25;3,50;0;0;0;0;0;0;0;0;11;1;0;0;0;0;0;0;0;2
12,15;1,79;0;0;0;0;0;0;0;0;6;0;0;0;0;0;0;0;0;2
15,56;1,32;6;7;8;8;6;5;5;6;1;2;0;0;0;0;0;1;0;1
13,44;4,29;3;0;0;0;0;0;0;0;2;1;0;0;0;0;0;0;0;1
9,56;5,95;4;1;0;0;0;0;0;0;1;4;1;0;0;0;0;0;0;1
15,97;1,53;7;6;7;9;5;5;5;6;0;0;0;0;0;0;0;1;0;1
13,50;1,62;4;0;0;0;0;0;0;0;2;0;0;0;0;0;0;0;0;2
16,10;1,39;7;6;7;9;5;5;5;6;0;0;0;0;0;0;0;1;0;1
15,35;1,84;6;6;5;6;7;5;5;2;1;1;1;0;1;0;0;0;0;1
10,01;5,52;7;1;0;0;0;0;0;0;4;3;1;1;0;0;0;0;0;2
12,26;2,04;2;0;0;0;0;0;0;0;4;0;0;0;0;0;0;0;0;2
6,96;5,71;1;0;0;0;0;0;0;0;4;1;0;0;0;0;0;0;0;1
17,33;1,42;8;4;8;9;5;5;8;7;0;0;0;0;0;0;0;0;0;1
15,89;1,60;7;7;5;5;6;5;0;0;0;2;2;0;0;1;0;0;0;1
12,35;3,89;5;0;0;0;0;0;0;0;4;0;0;0;0;0;0;0;0;2
14,48;2,97;7;4;0;0;0;0;0;0;1;0;0;0;0;0;0;0;0;2
14,05;3,23;7;2;0;0;0;0;0;0;1;0;0;0;0;0;0;0;0;2
15,59;1,52;8;4;8;9;6;5;5;6;0;0;0;0;0;0;1;1;0;1
17,79;1,28;7;7;5;5;7;5;5;3;0;0;0;0;0;0;0;0;0;1
15,75;2,58;7;6;7;9;6;5;5;7;1;0;5;0;0;0;0;0;0;1
15,46;1,63;7;6;7;5;6;5;5;0;1;2;1;1;1;0;0;0;0;1
12,52;3,09;5;0;0;0;0;0;0;0;2;2;0;0;0;0;0;0;0;2
13,57;4,64;5;2;0;0;0;0;0;0;4;1;0;0;0;0;0;0;0;2
15,04;1,67;4;1;0;0;0;0;0;0;1;0;0;0;0;0;0;0;0;1
0,40;0,00;0;0;0;0;0;0;0;0;6;1;0;0;0;0;0;0;0;2
2,42;0,87;0;0;0;0;0;0;0;0;5;1;0;0;0;0;0;0;0;2
11,04;5,08;4;1;0;0;0;0;0;0;4;3;1;1;0;0;0;0;0;2
14,86;2,92;7;4;6;6;6;1;1;0;1;0;0;0;5;0;1;0;0;1
16,17;1,22;7;7;5;5;7;5;5;7;0;0;0;0;0;1;0;0;0;1
14,64;2,82;8;3;2;5;4;1;0;0;2;2;5;0;1;0;0;0;0;1
14,03;2,16;3;0;0;0;0;0;0;0;2;1;0;0;0;0;0;0;0;2
12,72;3,45;7;4;1;0;0;0;0;0;7;2;1;0;1;0;0;0;0;2
16,00;1,44;7;6;7;9;5;5;5;6;0;0;0;0;0;0;0;1;0;1
11,94;4,30;5;4;0;1;0;0;0;0;2;2;3;0;0;0;0;0;0;1
11,99;4,43;5;1;0;0;0;0;0;0;3;2;0;0;0;0;0;0;0;2
12,81;4,69;4;1;0;0;0;0;0;0;1;0;0;0;0;0;0;0;0;1
13,47;4,15;5;5;0;0;0;0;0;0;0;0;6;0;0;0;0;0;0;2
16,33;1,78;7;7;5;5;7;5;5;7;1;0;1;0;0;0;0;0;0;1
14,26;2,80;7;3;3;3;2;0;0;0;3;6;3;0;0;0;0;0;0;1
14,90;1,47;6;7;7;8;7;5;5;2;1;4;0;0;2;3;1;0;0;1
14,26;1,03;6;1;0;0;0;0;0;0;2;0;0;0;0;0;0;0;0;2
14,95;1,68;7;6;5;5;3;1;0;0;3;4;1;1;0;0;0;0;0;1
15,13;1,09;5;5;6;5;1;0;0;0;1;1;1;1;0;0;0;0;0;1
12,41;2,13;5;3;0;0;0;0;0;0;3;5;1;0;0;0;0;0;0;1
12,78;3,10;3;0;0;0;0;0;0;0;9;0;0;0;0;0;0;0;0;2
11,48;4,20;2;0;0;0;0;0;0;0;4;0;0;0;0;0;0;0;0;2
16,14;1,67;6;5;6;0;1;0;0;0;0;1;1;0;0;0;0;0;0;1
14,85;2,69;5;3;5;0;0;0;0;0;1;4;0;0;0;0;0;0;0;1
17,11;1,42;7;7;5;5;7;5;5;2;0;0;0;0;0;1;0;0;0;1
13,39;3,75;6;2;1;1;0;0;0;0;1;5;2;0;0;0;0;0;0;1
14,20;1,42;7;5;2;0;0;0;0;0;0;0;4;0;0;0;0;0;0;2
12,15;3,34;4;0;0;0;0;0;0;0;2;3;0;0;0;0;0;0;0;2
0,03;0,00;0;0;0;0;0;0;0;0;6;1;0;0;0;0;0;0;0;2
15,89;1,96;6;7;8;8;6;5;5;5;3;1;1;0;0;0;0;1;1;1
13,31;3,62;5;4;4;1;0;0;0;0;1;4;3;1;0;0;0;0;0;1
14,62;0,75;6;5;4;0;0;0;0;0;1;0;0;0;0;0;0;0;0;2
11,88;3,51;7;7;5;1;0;0;0;0;1;6;1;4;0;0;0;0;0;2
12,24;2,90;3;0;0;1;0;0;0;0;6;2;0;0;0;0;0;0;0;2
16,31;1,69;4;5;5;5;4;0;0;0;0;1;1;0;0;0;0;0;0;1
4,63;1,13;0;0;0;0;0;0;0;0;11;1;0;0;0;0;0;0;0;2
15,56;3,23;8;3;4;5;5;1;0;0;2;4;0;0;0;0;0;0;0;1
15,50;1,32;5;5;6;6;1;0;0;0;0;1;1;1;0;0;0;0;0;1
16,66;1,49;5;5;6;6;6;0;0;0;0;0;0;0;0;0;0;0;0;1
2,11;1,68;0;0;0;0;0;0;0;0;8;2;0;0;0;0;0;0;0;2
13,33;3,01;3;0;0;0;0;0;0;0;3;0;0;0;0;0;0;0;0;2
11,09;4,17;5;0;0;0;0;0;0;0;2;3;0;0;0;0;0;0;0;2
11,38;4,72;7;7;3;0;0;0;0;0;3;9;5;0;1;0;0;0;0;2
15,85;1,95;9;4;6;6;6;4;0;0;0;1;1;0;0;1;0;0;0;1
13,67;0,63;6;0;0;0;0;0;0;0;5;0;0;0;0;0;0;0;0;2
15,04;2,07;7;6;7;5;6;5;5;6;2;2;0;0;1;0;0;2;0;1
13,71;2,44;6;0;0;0;0;0;0;0;2;2;1;0;0;0;0;0;0;2
12,11;4,85;6;2;0;0;0;0;0;0;0;3;1;0;0;0;0;0;0;2
15,22;3,08;7;5;1;3;2;0;0;0;2;1;3;0;0;0;0;0;0;2
15,10;1,99;7;6;7;5;6;5;5;7;1;6;1;0;0;2;1;0;0;1
4,21;1,14;0;0;0;0;0;0;0;0;6;1;0;0;0;0;0;0;0;2
14,45;2,14;6;2;0;1;0;0;0;0;1;1;0;0;0;0;0;0;0;1
15,66;1,95;7;7;6;5;5;5;1;0;2;4;0;1;0;0;0;0;0;1
16,27;1,33;5;5;1;0;0;0;0;0;0;0;0;0;0;0;0;0;0;1
13,56;3,30;5;2;0;0;0;0;0;0;2;1;0;0;0;0;0;0;0;2
10,18;5,45;5;0;0;0;0;0;0;0;4;1;0;1;0;0;0;0;0;2
13,12;2,26;5;0;0;0;0;0;0;0;4;0;0;0;0;0;0;0;0;2
12,57;4,27;5;0;0;0;0;0;0;0;3;3;0;0;0;0;0;0;0;1
16,42;1,82;8;4;8;9;5;5;8;6;0;0;1;0;0;0;0;1;0;1
16,32;2,65;8;5;7;8;6;5;8;5;0;0;2;0;0;0;0;0;2;1
14,42;3,27;6;4;4;2;1;0;0;0;1;3;1;0;0;0;0;0;0;1
16,91;1,18;6;5;6;0;1;0;0;0;0;0;0;0;0;0;0;0;0;1
14,94;1,04;6;5;6;5;2;0;0;0;3;0;0;2;2;0;0;0;0;1
15,25;2,51;7;6;7;8;5;5;5;6;2;3;2;2;0;0;0;1;0;1
16,61;2,39;7;6;8;8;4;5;5;5;2;1;0;1;0;0;0;1;1;1
13,63;1,06;6;3;1;0;0;0;0;0;4;4;0;0;0;0;0;0;0;2
15,07;0,78;5;2;0;0;0;0;0;0;3;0;0;0;0;0;0;0;0;1
15,70;1,69;7;6;7;5;6;5;5;6;0;2;1;0;0;0;1;1;0;1
15,14;2,03;7;7;5;5;7;5;5;1;2;0;0;0;0;3;0;0;0;1
12,32;3,64;5;3;1;3;0;0;0;0;2;5;1;0;0;0;0;0;0;1
15,63;1,45;5;5;6;6;5;0;0;0;1;1;0;0;1;0;0;0;0;1
15,72;1,06;7;4;6;6;6;5;5;0;2;0;0;1;0;0;0;0;0;1
15,47;1,47;6;5;5;3;1;0;0;0;1;0;0;0;0;0;0;0;0;1
15,70;1,63;7;7;6;5;6;5;2;2;0;5;4;0;0;1;0;0;0;1
15,57;2,11;7;7;6;5;6;5;5;0;3;3;0;0;1;0;0;0;0;1
14,57;2,19;7;5;6;1;1;0;0;0;1;1;2;1;0;0;0;0;0;2
16,25;1,68;8;4;6;6;7;5;3;0;0;1;1;0;1;0;0;0;0;1
14,61;2,12;5;1;0;0;0;0;0;0;2;1;0;0;0;0;0;0;0;2
14,34;0,80;7;7;5;3;5;1;0;0;1;5;3;4;0;0;0;0;0;1
15,36;1,76;6;7;7;8;7;5;5;6;0;0;2;0;1;0;0;4;0;1
15,65;1,48;7;6;7;7;6;5;5;2;0;0;2;0;0;0;0;0;0;1
17,31;0,68;8;2;1;1;0;0;0;0;0;0;0;0;0;0;0;0;0;2
7,40;3,61;0;0;0;0;0;0;0;0;5;1;0;0;0;0;0;0;0;2
15,50;1,00;5;5;6;6;6;2;0;0;1;0;0;0;0;0;0;0;0;1
14,94;2,54;5;4;6;5;4;1;0;0;2;1;1;2;0;1;0;0;0;1
1,56;1,10;0;0;0;0;0;0;0;0;5;1;0;0;0;0;0;0;0;2
14,35;1,49;5;2;0;0;0;0;0;0;1;2;0;0;0;0;0;0;0;1
14,68;1,72;8;5;6;6;7;2;0;0;4;4;1;2;1;0;0;0;0;1
15,57;2,95;5;3;4;5;4;0;0;0;0;5;2;0;0;0;0;0;0;1
10,65;2,38;2;0;0;0;0;0;0;0;8;0;0;0;0;0;0;0;0;2
15,66;1,20;7;7;5;5;7;5;5;0;1;0;0;0;2;0;0;0;0;1
15,00;2,76;7;6;7;5;6;5;5;0;2;9;1;0;0;0;0;1;0;1
14,03;3,05;7;7;6;5;6;4;4;2;2;3;4;0;1;2;1;0;0;1
12,93;3,10;2;0;0;0;0;0;0;0;3;1;0;0;0;0;0;0;0;1
15,63;1,59;7;6;7;6;6;5;5;0;0;2;1;1;1;0;0;0;0;1
14,61;2,50;7;6;7;5;6;5;4;0;1;0;1;2;1;3;1;0;0;1
15,74;1,01;5;2;5;6;7;5;5;3;0;0;0;0;0;0;0;0;0;1
12,86;5,14;3;0;0;0;0;0;0;0;2;1;0;0;0;0;0;0;0;1
15,81;1,77;6;5;5;5;1;0;0;0;0;1;1;0;0;0;0;0;0;1
13,69;2,27;7;4;2;2;1;1;0;0;3;1;7;0;0;0;0;0;0;2
11,96;3,65;4;3;1;1;0;0;0;0;3;3;5;1;0;0;0;0;0;2
11,91;4,64;5;0;0;0;0;0;0;0;4;2;0;0;0;0;0;0;0;2
13,92;3,68;5;0;0;0;0;0;0;0;1;1;0;0;0;0;0;0;0;2
14,13;0,75;4;3;0;0;0;0;0;0;2;1;0;0;0;0;0;0;0;1
11,20;3,35;3;0;0;0;0;0;0;0;3;3;0;0;0;0;0;0;0;2
16,17;1,71;7;6;7;5;6;5;5;6;0;1;0;0;0;0;0;1;0;1
13,07;3,20;5;3;0;0;0;0;0;0;3;2;1;0;0;0;0;0;0;1
14,77;1,25;7;7;6;6;5;0;0;0;1;3;1;0;1;0;0;0;0;1
15,84;2,12;7;6;7;5;6;5;5;7;2;3;1;0;1;0;0;0;0;1
15,35;2,01;5;5;3;1;1;1;0;0;2;2;0;0;0;0;0;0;0;1
14,26;3,22;7;5;7;3;1;0;0;0;1;4;1;3;0;0;0;0;0;2
15,46;1,29;7;6;8;8;6;5;5;6;0;0;1;0;0;0;1;2;0;1
12,53;3,86;7;6;4;0;1;0;0;0;8;3;2;0;0;0;0;0;0;2
7,97;3,81;2;0;0;0;0;0;0;0;8;0;0;0;0;0;0;0;0;2
15,74;1,56;7;7;5;5;7;5;4;0;4;0;0;0;2;4;0;0;0;1
15,67;1,93;5;4;6;6;7;4;0;0;0;2;1;0;0;0;0;0;0;1
14,61;1,34;7;6;7;5;5;5;4;0;4;3;2;0;0;2;2;0;0;1
15,50;1,15;7;6;8;8;6;5;5;6;0;1;0;0;0;0;0;1;0;1
1,99;0,65;0;0;0;0;0;0;0;0;5;1;0;0;0;0;0;0;0;2
11,30;5,24;5;3;0;1;0;0;0;0;0;3;3;0;0;0;0;0;0;2
16,25;1,78;5;1;0;0;0;0;0;0;1;0;0;0;0;0;0;0;0;2
15,10;1,43;5;5;6;2;0;0;0;0;0;0;1;2;2;0;0;0;0;2
16,90;1,40;5;5;6;6;6;5;0;0;1;0;0;0;0;0;0;0;0;1
13,05;2,83;4;0;0;0;0;0;0;1;4;2;0;0;0;0;0;0;0;2
15,93;1,41;1;2;3;6;6;5;5;6;0;0;0;0;0;0;0;1;0;1
16,13;1,68;7;4;6;6;7;5;0;0;3;2;0;0;1;0;0;0;0;1
15,71;1,35;6;7;7;9;7;5;5;6;1;1;0;0;0;0;0;1;0;1
14,22;1,34;6;0;0;0;0;0;0;0;2;0;0;0;0;0;0;0;0;2
8,75;4,04;0;0;0;0;0;0;0;0;6;0;0;0;0;0;0;0;0;2
15,75;2,44;7;6;7;6;6;5;5;3;3;3;1;0;0;0;0;0;0;1
16,88;1,72;5;5;6;6;6;4;1;0;0;0;1;0;1;0;0;0;0;1
16,01;1,30;7;7;5;5;7;5;5;7;0;0;0;0;0;2;0;0;0;1
15,78;1,15;5;5;6;6;6;5;0;0;0;0;1;1;0;0;0;0;0;1
12,16;2,73;4;0;0;0;0;0;0;0;2;4;0;0;0;0;0;0;0;1
16,14;2,73;7;6;7;5;6;5;4;0;0;1;2;2;1;0;0;0;0;1
11,82;6,36;2;0;0;0;0;0;0;0;1;1;0;0;0;0;0;0;0;1
14,28;1,05;6;3;0;0;0;0;0;0;1;2;0;0;0;0;0;0;0;2
14,26;2,07;8;3;2;2;1;1;0;0;1;1;2;1;0;0;0;0;0;2
16,05;2,60;7;6;7;5;6;5;5;6;3;3;0;0;1;0;0;1;0;1
15,64;2,33;5;5;6;6;2;0;0;0;0;0;0;0;4;2;0;0;0;2
17,34;1,49;8;4;6;6;6;5;3;0;0;0;1;0;1;0;0;0;0;1
14,17;1,97;7;7;5;1;1;0;0;0;1;3;0;7;0;0;0;0;0;1
16,13;2,17;7;6;7;6;7;5;5;6;1;3;0;2;0;1;0;1;0;1
15,31;1,05;5;5;6;6;6;1;0;0;0;0;0;2;1;0;0;0;0;1
16,22;1,36;7;6;8;8;5;7;5;6;0;0;0;0;0;0;0;1;0;1
14,77;2,15;6;7;7;9;5;5;5;1;2;2;4;0;1;0;0;0;0;2
14,59;2,48;6;0;0;0;0;0;0;0;0;1;0;0;0;0;0;0;0;2
11,60;3,32;4;2;0;0;0;0;0;0;3;3;1;1;0;0;0;0;0;1
16,26;2,00;5;4;1;0;0;0;0;0;0;1;0;0;0;0;0;0;0;1
12,64;3,23;2;1;0;0;0;0;0;0;3;0;0;0;0;0;0;0;0;1
12,85;4,02;6;3;1;0;0;0;0;0;3;2;1;0;0;0;0;0;0;1
15,65;1,20;8;4;6;6;6;5;5;0;0;0;0;2;1;0;0;0;0;1
14,52;1,37;6;3;1;0;0;0;0;0;0;5;0;0;0;0;0;0;0;1
1,98;1,46;0;0;0;0;0;0;0;0;6;1;0;0;0;0;0;0;0;2
15,09;1,07;5;1;0;0;0;0;0;0;2;0;0;0;0;0;0;0;0;1
12,04;4,12;4;0;0;0;0;0;0;0;3;2;0;0;0;0;0;0;0;2
15,50;1,04;5;5;6;6;6;5;0;0;0;1;0;0;0;0;0;0;0;1
15,45;0,93;5;5;6;6;6;0;0;0;0;0;0;1;0;0;0;0;0;1
8,41;5,42;5;1;0;0;0;0;0;0;2;10;2;0;0;0;0;0;0;2
15,77;1,67;8;5;6;5;6;5;4;0;1;0;2;0;0;0;1;0;0;1
14,33;3,14;6;3;3;0;0;0;0;0;0;3;2;0;0;0;0;0;0;1
14,92;1,44;6;5;1;0;0;0;0;0;0;1;1;0;0;0;0;0;0;1
14,18;1,31;7;0;0;1;0;0;0;0;1;2;1;0;0;0;0;0;0;2
10,95;1,89;2;0;0;0;0;0;0;0;8;2;0;0;0;0;0;0;0;2
14,14;2,64;8;4;5;5;3;0;0;0;4;3;4;0;0;0;0;0;0;1
6,89;1,83;2;0;0;0;0;0;0;0;6;2;0;0;0;0;0;0;0;2
15,65;0,99;5;5;6;6;6;5;3;0;0;0;0;0;0;1;0;0;0;1
16,22;1,82;7;6;8;8;5;7;5;6;2;0;1;0;0;0;0;1;0;1
18,09;0,80;6;5;6;0;1;0;0;0;0;0;0;0;0;0;0;0;0;1
13,84;2,67;6;3;0;0;0;0;0;0;1;1;1;0;0;0;0;0;0;2
13,70;1,97;4;0;0;0;0;0;0;0;1;1;0;0;0;0;0;0;0;2
0,99;0,62;0;0;0;0;0;0;0;0;6;1;0;0;0;0;0;0;0;2
14,98;1,19;7;5;8;5;6;5;5;0;0;2;0;1;2;0;0;0;0;1
15,43;1,94;7;7;6;5;6;5;4;0;3;5;1;0;1;0;0;0;0;1
16,34;1,41;7;6;8;8;5;7;5;5;0;0;0;0;0;0;0;0;0;1
13,85;4,16;5;0;0;0;0;0;0;0;3;1;0;0;0;0;0;0;0;2
14,44;2,64;5;3;3;0;0;0;0;0;0;4;2;0;0;0;0;0;0;2
15,96;1,34;5;5;6;6;7;5;0;0;0;1;0;0;2;0;0;0;0;1
16,30;2,37;7;6;7;5;6;5;5;4;2;1;0;1;0;0;0;0;0;1
14,98;1,28;5;2;0;0;0;0;0;0;2;1;0;0;0;0;0;0;0;1
11,73;5,51;3;0;0;0;0;0;0;0;2;1;0;0;0;0;0;0;0;1
12,17;3,24;3;1;0;0;0;0;0;0;4;2;0;0;0;0;0;0;0;2
7,79;3,68;1;0;0;0;0;0;0;0;14;2;0;0;0;0;0;0;0;2
10,99;4,78;5;0;0;0;0;0;0;0;3;3;0;0;0;0;0;0;0;1
11,53;4,49;6;2;0;0;0;0;0;0;2;3;1;0;0;0;0;0;0;1
15,59;2,26;6;7;7;8;7;5;5;6;2;1;2;2;0;0;0;1;0;1
16,31;1,93;7;6;7;5;6;5;5;6;0;0;2;0;0;0;0;1;0;1
2,19;0,83;0;0;0;0;0;0;0;0;5;1;0;0;0;0;0;0;0;2
15,94;1,63;8;4;6;6;6;5;5;0;0;0;0;0;1;1;0;0;0;1
12,44;2,51;4;0;0;0;0;0;0;0;4;2;0;0;0;0;0;0;0;2
12,44;3,94;6;1;0;0;0;0;0;0;2;2;0;0;0;0;0;0;0;2
15,45;1,44;5;5;6;6;6;4;1;0;0;0;0;0;2;1;0;0;0;1
16,58;1,35;7;6;8;8;5;7;5;4;0;0;0;0;0;0;0;1;0;1
14,93;2,47;7;7;7;5;6;5;5;1;0;2;1;0;1;2;0;1;1;1
15,50;2,29;6;7;7;8;6;5;5;6;2;2;2;1;0;0;0;1;0;1
16,17;1,21;6;5;6;0;1;0;0;0;0;0;0;0;0;0;0;0;0;1
15,03;1,63;5;5;6;6;7;4;0;0;0;2;0;1;1;0;0;0;0;1
7,83;1,57;0;0;0;0;0;0;0;0;5;1;0;0;0;0;0;0;0;2
13,79;3,35;4;5;1;0;0;0;0;0;1;0;0;0;0;0;0;0;0;1
14,13;2,77;7;6;7;5;6;5;5;0;2;1;1;5;1;2;2;0;0;1
15,57;1,58;5;4;6;6;3;1;0;0;1;1;1;0;0;0;0;0;0;1
3,86;0,92;0;0;0;0;0;0;0;0;5;1;0;0;0;0;0;0;0;2
16,34;2,29;7;6;7;8;5;5;5;7;0;2;1;2;0;0;0;0;0;1
16,09;1,08;5;5;1;0;0;0;0;0;0;0;0;0;0;0;0;0;0;1
14,41;2,47;5;4;5;0;0;0;0;0;3;3;0;0;0;0;0;0;0;1
17,17;1,05;7;7;5;5;7;5;5;7;0;0;0;0;0;0;0;0;0;1
15,08;1,27;7;5;6;6;6;5;3;0;6;0;0;2;0;1;0;0;0;1
16,78;1,23;7;6;7;5;6;5;5;7;0;0;0;0;0;0;0;0;0;1
14,78;1,79;8;4;5;6;3;0;0;0;1;2;2;0;0;1;0;0;0;1
15,01;1,71;5;5;6;0;1;0;0;0;1;0;2;1;0;0;0;0;0;1
12,98;3,74;4;1;0;0;0;0;0;0;3;1;0;0;0;0;0;0;0;2
11,00;4,18;5;2;1;0;0;0;0;0;8;2;1;0;0;0;0;0;0;2
12,29;5,70;4;0;0;0;0;0;0;0;1;1;0;0;0;0;0;0;0;1
15,04;1,35;6;5;6;1;1;0;0;0;1;1;0;0;0;0;0;0;0;1
16,01;1,27;6;1;0;0;0;0;0;0;0;0;0;0;0;0;0;0;0;2
15,53;2,60;5;5;6;6;6;4;0;0;0;0;0;2;1;1;0;0;0;1
13,60;3,63;5;3;2;0;0;0;0;0;1;5;1;0;0;0;0;0;0;1
11,95;3,01;5;0;0;0;0;0;0;0;2;3;0;0;0;0;0;0;0;2
14,22;2,42;8;5;5;5;6;1;0;0;3;1;2;4;0;0;0;0;0;1
15,70;1,09;6;5;6;6;1;0;0;0;0;0;0;0;0;0;0;0;0;1
16,14;1,29;7;6;7;8;5;5;5;7;0;0;1;0;0;0;2;0;0;1
15,25;1,07;8;4;6;6;6;5;4;0;0;0;0;2;1;2;0;0;0;1
15,59;2,12;7;7;6;5;6;5;3;0;2;4;0;0;1;1;0;0;0;1
13,77;3,52;7;5;8;4;5;5;2;0;0;1;0;1;8;2;0;0;0;1
11,50;2,97;5;2;0;0;0;0;0;0;2;7;2;0;0;0;0;0;0;1
14,67;3,12;5;3;4;4;3;0;0;0;1;4;0;1;0;0;0;0;0;2
14,05;2,67;5;4;1;3;1;0;0;0;1;2;5;0;0;0;0;0;0;2
13,97;4,14;5;4;5;4;2;0;0;0;0;4;1;1;0;1;0;0;0;1
15,04;1,79;7;7;5;6;7;5;2;0;0;3;2;1;1;0;0;0;0;1
16,65;0,92;5;5;1;0;0;0;0;0;0;0;0;0;0;0;0;0;0;1
13,52;1,99;4;1;0;0;0;0;0;0;2;2;0;0;0;0;0;0;0;1
14,16;2,81;5;4;2;0;0;0;0;0;1;3;0;0;0;0;0;0;0;2
15,68;1,70;7;6;8;8;5;7;5;4;0;0;1;0;0;0;0;1;0;1
8,73;2,74;0;0;0;0;0;0;0;0;10;2;0;0;0;0;0;0;0;2
15,04;0,75;5;3;0;0;0;0;0;0;1;1;0;0;0;0;0;0;0;1
15,42;1,18;5;4;6;6;1;0;0;0;0;2;0;0;0;0;0;0;0;1
15,98;1,71;7;6;7;8;6;5;8;7;1;1;0;0;0;0;0;0;0;1
8,74;4,74;6;0;0;0;0;0;0;0;3;6;0;0;0;0;0;0;0;2
13,36;4,24;6;2;0;0;0;0;0;0;3;1;2;0;0;0;0;0;0;2
13,36;2,34;2;1;0;0;0;0;0;0;3;0;0;0;0;0;0;0;0;2
12,29;4,01;6;3;0;0;0;0;0;0;4;1;0;0;0;0;0;0;3;2
6,99;2,83;0;0;0;0;0;0;0;0;6;1;0;0;0;0;0;0;0;2
13,23;2,78;5;0;0;0;0;0;0;0;4;0;0;0;0;0;0;0;0;2
13,85;1,50;5;1;0;0;0;0;0;0;5;2;0;0;0;0;0;0;0;1
13,71;3,30;5;5;2;1;1;0;0;0;4;4;2;0;1;0;0;0;0;1
16,60;1,42;7;7;5;5;7;5;5;7;0;0;0;0;0;0;1;0;0;1
15,37;1,27;8;4;6;6;5;3;0;0;0;3;0;2;0;0;0;0;0;1
14,58;1,86;8;5;6;4;1;1;0;0;4;1;3;0;0;0;0;0;0;1
14,41;2,83;5;3;4;1;0;0;0;0;2;5;1;0;0;0;0;0;0;1
6,99;5,01;1;0;0;0;0;0;0;0;4;1;0;0;0;0;0;0;0;2
15,71;1,66;5;4;6;0;1;0;0;0;1;1;2;0;0;0;0;0;0;1
13,13;5,35;7;4;1;0;0;1;0;0;4;1;3;0;1;0;0;0;0;2
9,86;4,56;4;0;0;0;0;0;0;0;9;3;0;0;0;0;0;0;0;2
14,84;3,30;5;4;4;0;0;0;0;0;0;3;1;0;0;0;0;0;0;2
8,46;5,64;2;0;0;0;0;0;0;0;5;1;0;0;0;0;0;0;0;2
15,91;1,78;4;3;1;0;0;0;0;0;1;0;0;0;0;0;0;0;0;1
15,96;1,44;7;6;7;9;5;5;5;7;0;0;1;0;0;0;0;0;0;1
13,38;3,11;7;6;5;0;1;0;0;0;2;8;2;0;0;0;0;0;0;2
11,86;2,31;1;0;0;0;0;0;0;0;4;1;0;0;0;0;0;0;0;2
15,80;0,84;6;0;0;0;0;0;0;0;1;5;0;0;0;0;0;0;0;2
8,06;5,77;4;0;0;0;0;0;0;0;7;2;0;0;0;0;0;0;0;2
14,48;2,20;7;4;1;0;0;0;0;0;2;2;0;0;0;0;0;0;0;2
15,36;1,42;7;6;7;5;6;5;5;1;0;0;0;0;1;3;2;0;0;1
15,58;1,48;6;5;2;1;0;0;0;0;1;2;0;0;0;0;0;0;0;1
14,95;1,00;5;0;0;0;0;0;0;0;0;1;0;0;0;0;0;0;0;2
14,73;2,15;6;3;0;0;1;0;0;0;5;1;0;0;0;0;0;0;0;2
13,77;2,87;5;5;3;0;0;0;0;0;1;3;2;0;0;0;0;0;0;1
13,05;4,20;4;0;0;0;0;0;0;0;4;0;0;0;0;0;0;0;0;2
14,04;1,96;6;1;0;0;0;0;0;0;2;2;0;0;0;0;0;0;0;1
12,28;3,97;5;0;0;0;0;0;0;0;1;1;0;0;0;0;0;0;0;2
15,80;1,78;7;7;6;5;6;5;2;0;2;4;0;0;0;0;0;0;0;1
15,63;2,47;8;5;6;6;7;4;0;0;2;1;1;1;1;0;0;0;0;1
10,57;4,49;5;0;0;0;0;0;0;0;11;3;0;0;0;0;0;0;0;2
14,12;2,97;6;3;5;0;0;0;0;0;0;4;1;0;0;0;0;0;0;1
15,01;2,44;7;6;4;1;0;1;0;0;2;2;0;0;0;0;0;0;0;2
15,68;1,04;5;5;6;6;6;5;1;0;0;0;0;0;0;3;0;0;0;1
12,76;3,95;5;3;1;1;0;0;0;0;2;5;4;0;0;0;0;0;0;2
14,11;1,85;5;2;0;0;0;0;0;0;1;2;0;0;0;0;0;0;0;2
16,10;1,96;5;1;0;0;0;0;0;0;0;0;0;0;0;0;0;0;0;1
16,39;1,71;7;7;5;5;7;5;5;7;0;2;0;0;0;1;1;0;0;1
15,95;1,56;8;5;8;8;6;6;5;6;0;0;3;0;0;0;0;1;0;1
15,30;1,50;7;7;5;5;7;5;5;2;3;1;1;0;0;0;0;0;0;1
14,13;0,84;6;0;0;0;0;0;0;0;3;1;0;0;0;0;0;0;0;2
15,44;2,20;7;7;6;5;6;5;5;3;1;2;1;1;1;0;0;0;0;1
0,42;0,30;0;0;0;0;0;0;0;0;5;1;0;0;0;0;0;0;0;2
14,46;1,32;5;5;4;1;1;0;0;0;5;2;0;0;0;1;0;0;0;1
15,60;1,92;7;6;7;8;7;5;5;5;1;1;1;2;0;0;0;1;1;1
16,07;1,34;5;5;1;0;0;0;0;0;0;0;0;0;0;0;0;0;0;1
13,66;2,21;6;3;5;0;0;0;0;0;1;6;0;0;0;0;0;0;0;1
12,92;2,77;6;2;0;0;0;0;0;0;1;4;1;0;0;0;0;0;0;1
14,03;1,60;6;5;3;0;0;0;0;0;0;1;1;0;0;0;0;0;0;1
6,26;4,17;0;0;0;0;0;0;0;0;10;1;0;0;0;0;0;0;0;2
14,15;1,73;4;2;0;0;0;0;0;0;2;2;0;0;0;0;0;0;0;1
10,79;4,07;6;1;0;0;0;0;0;0;5;4;0;0;0;1;0;0;0;2
13,48;2,30;7;2;1;1;1;0;0;0;2;3;3;0;1;0;0;0;0;2
13,60;0,67;4;0;0;0;0;0;0;0;8;0;0;0;0;0;0;0;0;2
13,92;3,49;6;4;0;0;0;0;0;0;0;1;1;0;0;0;0;0;0;2
14,78;1,16;5;0;0;0;0;0;0;0;0;1;0;0;0;0;0;0;0;1
12,98;2,83;7;6;7;4;1;1;0;0;3;3;0;4;6;0;1;0;0;2
15,36;2,12;7;6;7;8;6;7;5;5;2;1;1;0;1;0;0;2;1;1
10,75;6,10;3;0;0;0;0;0;0;0;2;1;0;0;0;0;0;0;0;1
15,42;1,57;8;5;7;9;6;5;5;7;2;2;3;1;0;0;1;0;0;1
15,15;2,39;5;5;6;6;6;3;1;0;0;0;0;1;1;2;0;0;0;1
16,32;0,90;5;5;1;0;0;0;0;0;0;0;0;0;0;0;0;0;0;1
14,85;2,34;3;1;0;0;0;0;0;0;2;0;0;0;0;0;0;0;0;2
13,83;2,31;6;3;1;0;0;0;0;0;0;3;1;0;0;0;0;0;0;1
15,27;2,45;6;4;5;3;0;0;0;0;0;2;1;0;0;0;0;0;0;1
12,54;1,35;1;0;0;0;0;0;0;0;5;0;0;0;0;0;0;0;0;2
16,11;1,73;5;5;6;4;2;0;0;0;1;0;1;0;0;0;0;0;0;1
15,67;1,66;8;4;6;6;6;5;4;0;0;0;0;0;1;1;1;0;0;1
12,61;4,05;3;0;0;0;0;0;0;0;2;1;0;0;0;0;0;0;0;1
14,59;1,94;8;3;1;0;0;0;0;0;2;3;0;2;0;0;0;0;0;2
12,49;4,12;5;6;3;0;0;0;0;0;2;4;2;0;0;0;0;0;0;2
15,18;2,12;5;5;6;6;7;4;0;0;1;0;2;0;0;0;0;0;0;1
13,77;2,92;5;0;0;0;0;0;0;0;0;3;0;0;0;0;0;0;0;2
12,98;2,56;6;2;0;0;0;0;0;0;3;8;0;0;0;0;0;0;0;2
14,54;1,71;5;5;2;0;0;0;0;0;0;0;4;0;1;0;0;0;0;2
12,27;1,85;5;1;0;0;0;0;0;0;4;0;0;0;0;0;0;0;0;1
14,26;1,49;7;7;6;4;3;1;0;0;1;1;0;3;5;0;1;0;0;1
14,56;2,22;5;2;0;0;0;0;0;0;1;2;0;0;0;0;0;0;0;1
15,70;2,08;8;4;6;6;7;5;0;0;3;0;1;1;0;0;0;0;0;1
15,56;1,59;7;6;7;5;6;5;5;2;3;1;1;0;2;0;0;1;0;1
13,61;3,34;5;4;2;1;0;0;0;0;1;4;2;0;0;0;0;0;0;2
14,23;1,02;5;3;0;0;0;0;0;0;2;0;0;0;0;0;0;0;0;1
12,37;3,76;7;3;1;2;0;0;0;0;7;4;3;0;0;0;0;0;0;2
15,30;2,58;8;6;7;9;7;5;5;3;5;3;1;0;0;0;0;0;0;1
15,97;1,94;7;6;8;8;6;5;5;5;0;1;1;1;0;0;0;1;1;1
12,83;3,82;7;5;0;0;1;0;0;0;4;4;2;0;0;1;0;0;0;2
14,48;2,57;6;3;4;0;0;0;0;0;0;3;0;0;0;0;0;0;0;1
12,71;3,72;6;2;0;1;1;0;0;0;1;6;2;0;0;0;0;0;0;1
11,92;5,57;3;0;0;0;0;0;0;0;2;1;0;0;0;0;0;0;0;1
13,92;1,25;6;1;0;0;0;0;0;0;4;1;0;0;0;0;0;0;0;1
16,60;1,21;7;7;5;5;7;5;5;7;0;0;0;0;0;1;0;0;0;1
14,08;2,31;7;5;4;0;0;0;0;0;0;1;4;2;0;0;0;0;0;2
1,73;1,12;0;0;0;0;0;0;0;0;4;1;0;0;0;0;0;0;0;2
12,14;2,66;3;0;0;0;0;0;0;0;4;2;0;0;0;0;0;0;0;2
14,63;2,08;4;1;0;0;0;0;0;0;1;0;0;0;0;0;0;0;0;2
11,85;5,28;7;6;3;1;0;0;0;0;2;1;2;4;3;0;0;0;0;2
15,56;1,25;8;5;6;5;6;5;3;0;1;0;0;1;1;0;0;0;0;1
15,31;1,79;8;4;6;6;6;4;5;0;0;0;0;0;2;2;0;0;0;1
14,49;1,28;6;6;2;0;0;0;0;0;1;0;5;0;0;0;0;0;0;2
17,85;1,11;8;4;8;9;5;5;8;6;0;0;0;0;0;0;0;1;0;1
16,58;1,04;7;7;5;5;7;5;5;7;0;0;0;0;0;0;0;0;0;1
13,53;3,43;6;2;0;0;0;0;0;0;3;2;0;0;0;0;0;0;0;1
14,54;2,59;6;4;5;1;0;0;0;0;0;4;0;0;0;0;0;0;0;1
15,03;1,94;8;4;6;6;1;1;0;0;0;0;0;2;3;0;0;0;0;2
15,09;1,87;6;7;6;5;6;5;5;0;2;5;2;0;1;0;0;0;0;1
11,47;3,89;6;2;0;0;0;0;0;0;9;3;1;0;0;0;0;0;0;2
14,28;2,12;7;5;4;0;0;0;0;0;0;0;3;4;0;0;0;0;0;2
13,70;0,69;6;0;0;0;0;0;0;0;5;0;0;0;0;0;0;0;0;2
13,53;1,30;4;0;0;0;0;0;0;0;2;1;0;0;0;0;0;0;0;2
11,76;3,57;3;2;0;0;0;0;0;0;5;0;0;0;0;0;0;0;0;1
14,16;0,64;4;0;0;0;0;0;0;0;2;0;0;0;0;0;0;0;0;2
13,70;3,33;8;3;4;4;1;1;0;0;2;3;3;1;3;0;0;0;0;2
6,06;3,04;1;0;0;0;0;0;0;0;9;2;0;0;0;0;0;0;0;2
12,90;6,40;3;0;0;0;0;0;0;0;3;0;0;0;0;0;0;0;0;2
11,27;3,00;3;0;0;0;0;0;0;0;5;1;1;0;0;0;0;0;0;2
15,50;1,34;5;2;0;0;0;0;0;0;2;1;0;0;0;0;0;0;0;1
11,36;3,68;7;7;2;0;0;0;0;0;1;4;10;0;0;0;0;0;0;2
13,97;1,75;4;1;0;0;0;0;0;0;1;0;0;0;0;0;0;0;0;1
14,06;0,80;7;5;0;0;0;0;0;0;3;5;0;0;0;0;0;0;0;2
14,00;3,88;4;0;0;0;0;0;0;0;1;1;0;0;0;0;0;0;0;1
10,69;4,60;5;1;0;0;0;0;0;0;1;8;1;0;0;0;0;0;0;2
12,20;1,87;4;0;0;0;0;0;0;0;3;2;0;0;0;0;0;0;0;1
13,00;1,79;7;4;0;0;0;0;0;0;7;5;0;0;0;0;0;0;0;2
13,70;2,30;5;1;0;0;0;0;0;0;4;0;0;0;0;0;0;0;0;2
16,03;1,70;6;5;5;3;1;0;0;0;0;1;1;0;0;0;0;0;0;1
14,99;3,66;6;3;0;0;0;0;0;0;0;2;1;0;0;0;0;0;0;2
12,21;4,57;6;4;0;0;0;0;0;0;1;5;2;0;0;0;0;0;0;1
11,54;3,15;3;0;0;0;0;0;0;0;6;0;0;0;0;0;0;0;0;2
14,98;1,05;7;7;6;6;6;5;4;0;0;3;0;1;3;0;1;0;0;1
12,55;2,46;2;0;0;0;0;0;0;0;4;0;0;0;0;0;0;0;0;2
13,05;2,70;6;4;1;0;0;0;0;0;4;3;2;0;0;0;0;0;0;2
14,70;1,26;5;2;0;0;0;0;0;0;0;2;0;0;0;0;0;0;0;2
13,88;1,50;4;0;0;0;0;0;0;0;2;1;0;0;0;0;0;0;0;2
2,47;2,32;0;0;0;0;0;0;0;0;2;1;1;0;0;0;0;0;0;2
14,40;1,94;5;0;0;0;0;0;0;0;2;2;0;0;0;0;0;0;0;2
15,92;1,57;8;5;8;8;6;5;5;7;1;0;0;1;0;0;0;0;0;1
11,60;5,73;2;2;4;5;2;0;0;0;0;0;4;3;1;2;0;0;0;2
16,27;1,63;3;2;0;0;0;0;0;0;0;0;0;0;0;0;0;0;0;1
14,71;1,19;8;4;5;6;0;0;0;0;1;1;3;1;0;0;0;0;0;1
10,70;5,08;4;0;0;1;0;0;0;0;5;3;0;0;0;0;0;0;0;1
13,14;2,09;6;1;0;1;0;0;0;0;4;2;1;0;0;0;0;0;0;2
16,75;0,81;6;5;6;0;1;0;0;0;0;0;0;0;0;0;0;0;0;1
15,21;1,65;5;5;6;1;1;0;0;0;1;2;0;0;0;0;0;0;0;1
12,46;3,10;4;1;0;0;0;0;0;0;3;1;0;0;0;0;0;0;0;2
13,11;3,18;4;0;0;0;0;0;0;0;4;1;0;0;0;0;0;0;0;2
0,01;0,00;0;0;0;0;0;0;0;0;5;1;0;0;0;0;0;0;0;2
14,69;2,77;6;2;0;0;0;0;0;0;1;2;0;0;0;0;0;0;0;1
16,79;1,30;7;6;7;9;5;5;5;6;0;0;0;0;0;0;0;1;0;1
1,02;1,03;0;0;0;0;0;0;0;0;6;0;0;0;0;0;0;0;0;2
13,30;1,88;5;1;0;0;0;0;0;0;4;0;0;0;0;0;0;0;0;1
16,21;1,35;5;5;6;6;2;0;0;0;0;0;1;0;0;0;0;0;0;1
15,74;0,54;5;1;0;0;0;0;0;0;0;0;0;0;0;0;0;0;0;1
12,36;2,98;6;3;0;0;0;0;0;0;3;6;0;0;0;0;0;0;0;2
9,47;3,39;2;0;0;0;0;0;0;0;7;0;0;0;0;0;0;0;0;2
2,46;1,33;0;0;0;0;0;0;0;0;5;1;0;0;0;0;0;0;0;2
14,78;1,48;5;2;0;0;0;0;0;0;0;2;0;1;0;0;0;0;0;1
15,71;1,47;7;7;5;6;7;5;5;2;1;1;0;0;0;0;0;1;0;1
11,79;4,42;5;3;0;0;0;0;0;0;1;3;2;0;0;0;0;0;0;1
13,69;1,90;6;6;4;0;0;0;0;0;2;6;1;0;0;0;0;0;0;2
13,06;4,19;3;1;0;0;0;0;0;0;3;2;0;1;0;0;0;0;0;2
10,99;3,06;3;0;0;0;0;0;0;0;6;2;0;0;0;0;0;0;0;2
16,40;1,34;7;6;8;8;5;7;5;4;0;0;0;0;0;0;0;1;0;1
14,14;0,82;5;0;0;0;0;0;0;0;1;1;0;0;0;0;0;0;0;2
13,42;1,15;6;0;0;0;0;0;0;0;4;0;0;0;0;0;0;0;0;2
16,48;1,18;5;7;7;8;7;5;5;5;0;0;1;0;0;0;0;1;1;1
12,59;3,86;5;2;0;0;0;0;0;0;2;1;1;0;0;0;0;0;0;1
4,37;0,46;0;0;0;0;0;0;0;0;5;1;0;0;0;0;0;0;0;2
7,33;1,27;0;0;0;0;0;0;0;0;5;1;0;0;0;0;0;0;0;2
12,12;3,82;4;0;0;0;0;0;0;0;4;1;0;0;0;0;0;0;0;2
16,94;1,70;8;4;6;6;6;5;3;0;0;1;1;0;0;0;0;0;0;1
16,30;1,69;7;6;7;8;6;5;8;6;1;2;0;0;0;0;0;1;0;1
13,28;3,09;6;5;5;0;1;0;0;0;5;1;1;0;0;0;0;0;0;1
17,34;1,72;6;7;8;8;6;5;5;6;0;0;0;0;0;0;0;1;0;1
16,27;1,24;5;5;1;0;0;0;0;0;0;0;0;0;0;0;0;0;0;1
16,20;1,16;7;6;7;5;6;5;5;7;0;0;0;0;0;0;0;0;0;1
1,21;0,75;0;0;0;0;0;0;0;0;6;0;0;0;0;0;0;0;0;2
12,61;4,77;5;3;0;1;0;0;0;0;1;4;0;0;0;0;0;0;0;1
8,45;5,61;2;0;0;0;0;0;0;0;3;1;0;0;0;0;0;0;0;2
12,76;3,89;7;4;6;5;6;0;0;0;2;3;1;1;6;0;0;0;0;1
15,91;2,25;6;7;7;9;5;5;5;7;3;2;1;0;0;0;0;0;0;1
15,94;1,52;7;6;7;9;5;5;5;6;0;2;0;0;0;0;0;1;0;1
14,13;3,61;6;3;3;0;0;0;0;0;0;3;1;0;0;0;0;0;0;1
17,61;1,52;6;7;8;8;6;5;5;6;0;0;0;0;0;0;0;1;0;1
11,47;4,36;4;0;0;0;0;0;0;0;2;3;0;0;0;0;0;0;0;2
18,24;1,35;8;4;8;9;5;5;8;6;0;0;0;0;0;0;0;1;0;1
12,11;5,43;7;3;0;1;1;0;0;0;4;1;2;0;0;0;0;0;0;2
12,79;3,46;7;6;4;4;2;0;0;0;3;7;1;3;4;0;0;0;0;1
13,43;2,47;5;4;0;0;0;0;0;0;3;3;4;0;0;0;0;0;0;2
12,90;2,60;3;1;0;0;0;0;0;0;4;1;0;0;0;0;0;0;0;2
6,00;1,11;0;0;0;0;0;0;0;0;5;1;0;0;0;0;0;0;0;2
0,13;0,10;0;0;0;0;0;0;0;0;5;1;0;0;0;0;0;0;0;2
16,86;1,46;7;6;7;9;5;5;5;6;0;0;0;0;0;0;0;1;0;1
10,52;4,10;4;0;0;0;0;0;0;0;5;3;0;0;0;0;0;0;0;2
14,88;0,98;5;4;1;0;0;0;0;0;0;1;0;0;0;0;0;0;0;2
8,82;6,45;5;1;0;0;0;0;0;0;6;4;1;0;0;0;0;0;0;2
15,55;1,19;5;5;6;6;0;0;0;0;1;1;0;0;1;0;0;0;0;1
13,34;1,72;4;0;0;0;0;0;0;0;6;2;0;0;0;0;0;0;0;2
13,96;3,42;8;4;6;5;1;0;0;0;0;0;2;3;2;0;0;0;0;2
15,07;2,44;6;7;6;5;5;5;1;0;6;3;1;0;0;0;0;0;0;1
0,97;0,70;0;0;0;0;0;0;0;0;5;1;0;0;0;0;0;0;0;2
15,00;1,02;6;0;0;0;0;0;0;0;0;0;0;0;0;0;0;0;0;2
10,72;5,40;6;1;0;0;0;0;0;0;0;4;1;0;0;0;0;0;0;2
14,84;2,10;7;7;6;5;5;5;5;2;3;4;1;1;1;0;0;0;0;1
15,22;2,16;6;6;7;6;6;5;5;6;4;0;1;1;0;0;0;4;0;1
15,50;1,82;6;5;4;0;0;0;0;0;0;2;1;0;0;0;0;0;0;1
14,96;1,99;6;6;7;5;6;5;5;1;2;0;1;3;2;1;0;0;0;1
14,59;2,42;5;4;5;6;5;1;0;0;1;3;1;0;0;0;0;0;0;1
16,85;1,61;8;4;8;9;5;5;8;6;0;0;0;0;0;0;0;1;0;1
16,27;1,33;7;6;8;8;5;7;5;4;0;0;0;0;0;0;0;1;0;1
7,05;5,36;1;0;0;0;0;0;0;0;4;1;0;0;0;0;0;0;0;2
3,80;1,31;0;0;0;0;0;0;0;0;6;1;0;0;0;0;0;0;0;2
4,53;0,75;0;0;0;0;0;0;0;0;6;0;0;0;0;0;0;0;0;2
0,47;0,00;0;0;0;0;0;0;0;0;6;1;0;0;0;0;0;0;0;2
14,25;2,41;6;2;1;1;0;0;0;0;5;0;0;0;0;0;0;0;0;2
14,16;3,06;8;3;2;2;1;0;0;0;2;3;4;1;1;0;0;0;0;2
14,57;1,67;3;0;0;0;0;0;0;0;3;0;0;0;0;0;0;0;0;2
13,95;2,52;5;0;0;0;0;0;0;0;3;3;0;0;0;0;0;0;0;1
12,49;3,72;5;1;0;0;0;0;0;0;0;4;1;0;0;0;0;0;0;2
15,85;2,13;7;6;7;8;7;5;5;6;0;2;2;0;0;0;0;1;0;1
14,84;1,69;7;6;3;0;0;0;0;0;1;1;0;0;0;0;0;0;0;2
16,38;1,47;5;5;6;6;6;4;0;0;0;0;1;0;0;0;0;0;0;1
16,47;1,77;8;4;6;6;7;5;3;0;0;1;1;0;1;0;0;0;0;1
15,88;1,65;6;7;5;5;6;5;0;0;2;1;0;1;1;0;0;0;0;1
4,95;1,55;0;0;0;0;0;0;0;0;12;0;0;0;0;0;0;0;0;2
12,58;1,42;3;0;0;0;0;0;0;0;3;1;0;0;0;0;0;0;0;2
13,77;2,96;6;2;0;0;0;0;0;0;1;4;0;0;0;0;0;0;0;1
8,77;5,21;2;0;0;0;0;0;0;0;5;2;0;0;0;0;0;0;0;2
15,39;1,75;7;7;6;5;6;5;5;0;1;2;1;0;1;0;0;0;0;1
13,52;1,08;2;0;0;0;0;0;0;0;4;0;0;0;0;0;0;0;0;2
1,21;1,14;0;0;0;0;0;0;0;0;6;0;0;0;0;0;0;0;0;2
15,02;1,46;7;6;7;5;6;5;5;6;0;0;5;0;1;0;1;1;0;1
16,19;2,06;7;6;7;9;5;5;5;7;3;3;2;0;0;0;0;0;0;1
14,45;2,07;8;5;3;1;1;0;0;0;4;0;5;0;0;0;0;0;0;1
15,93;1,83;7;6;7;5;7;5;5;7;1;0;0;0;0;0;0;0;0;1
13,46;2,26;6;1;0;0;0;0;0;0;3;2;0;0;0;0;0;0;0;1
13,41;2,84;7;6;7;8;6;5;1;0;2;4;4;5;1;1;0;0;0;1
16,12;1,64;6;7;7;8;7;5;5;5;0;1;0;0;0;0;0;1;1;1
16,79;1,27;8;4;6;6;6;5;3;0;0;0;0;0;1;0;0;0;0;1
12,02;1,85;2;0;0;0;0;0;0;0;4;0;0;0;0;0;0;0;0;2
14,74;0,75;5;5;6;1;1;0;0;0;1;2;0;0;0;0;0;0;0;1
14,44;2,03;6;6;5;4;0;0;0;0;1;1;2;1;0;0;0;0;0;2
14,79;2,47;6;3;4;0;0;0;0;0;0;3;0;0;0;0;0;0;0;1
14,50;2,54;7;7;6;6;6;4;1;0;3;3;1;1;3;0;0;0;0;1
9,27;3,81;1;0;0;0;0;0;0;0;4;1;0;0;0;0;0;0;0;2
11,87;2,15;1;0;0;0;0;0;0;0;5;0;0;0;0;0;0;0;0;2
13,15;3,83;3;3;1;0;0;0;0;0;3;1;0;0;0;0;0;0;0;2
14,86;3,00;5;0;0;0;0;0;0;0;2;0;0;0;0;0;0;0;0;2
16,12;1,72;7;7;5;5;7;5;5;7;1;0;1;0;0;0;0;0;0;1
14,79;1,24;8;4;5;6;1;0;0;0;3;3;2;1;1;0;0;0;0;1
16,33;1,20;5;5;6;6;6;3;0;0;0;1;0;0;0;0;0;0;0;1
0,72;0,55;0;0;0;0;0;0;0;0;5;1;0;0;0;0;0;0;0;2
15,78;0,73;5;5;1;0;0;0;0;0;0;0;0;0;0;0;0;0;0;1
14,76;0,67;7;5;0;0;0;0;0;0;0;0;2;0;0;0;0;0;0;2
11,51;4,04;4;0;0;0;0;0;0;0;1;1;0;0;0;0;0;0;0;2
13,60;3,07;7;5;6;5;0;0;0;0;2;4;2;0;0;1;0;0;0;2
11,67;2,64;3;0;0;0;0;0;0;0;4;2;0;0;0;0;0;0;0;1
14,12;2,35;6;2;0;0;0;0;0;0;3;1;0;0;0;0;0;0;0;1
13,26;3,27;6;3;1;0;0;0;0;0;1;5;0;0;0;0;0;0;0;2
15,99;1,30;6;5;6;6;1;0;0;0;0;0;0;0;0;0;0;0;0;1
16,10;1,87;7;6;7;9;5;5;5;6;2;2;1;0;0;0;0;1;0;1
16,30;1,28;7;6;7;5;6;5;5;6;0;0;0;0;0;0;1;1;0;1
11,88;4,99;7;5;0;1;0;0;0;0;0;5;5;0;0;0;0;0;0;1
13,85;2,20;2;2;1;0;0;0;0;0;4;1;0;0;0;0;0;0;0;2
15,03;0,96;7;6;6;5;6;5;1;0;2;0;0;2;3;0;0;0;0;1
16,57;1,45;7;6;7;5;6;5;5;7;0;0;0;0;0;0;0;0;0;1
12,34;1,95;3;0;0;0;0;0;0;0;7;0;0;0;0;0;0;0;0;2
12,20;1,83;4;0;0;0;0;0;0;0;3;3;0;0;0;0;0;0;0;2
12,30;3,59;4;4;0;0;0;0;0;0;4;2;0;0;0;0;0;0;0;2
15,24;2,32;7;7;4;5;6;5;0;0;1;2;2;0;1;0;0;0;0;1
15,50;1,83;5;5;6;3;3;0;0;0;1;0;0;0;1;0;0;0;0;1
13,49;5,08;4;0;0;0;0;0;0;0;1;1;0;0;0;0;0;0;0;1
8,43;4,79;2;0;0;0;0;0;0;0;4;4;0;0;0;0;0;0;0;1
16,22;1,83;7;6;5;6;5;4;0;0;1;3;2;1;0;0;0;0;0;1
14,82;2,39;7;4;6;6;5;2;0;0;4;0;3;0;3;0;0;0;0;1
16,38;2,10;7;6;7;6;6;5;5;6;2;1;0;1;0;0;1;1;0;1
12,91;3,30;6;1;0;1;0;0;0;0;5;2;0;0;0;0;0;0;0;2
11,26;5,51;6;3;0;0;0;0;0;0;2;4;2;0;0;0;0;0;0;2
2,76;1,63;0;0;0;0;0;0;0;0;6;1;0;0;0;0;0;0;0;2
13,38;2,64;7;6;5;3;0;0;0;0;2;6;2;0;0;0;0;0;0;2
10,02;4,90;4;0;0;0;0;0;0;0;3;1;0;0;0;0;0;0;0;2
16,21;1,32;5;5;6;6;2;0;0;0;0;1;0;1;0;0;0;0;0;1
12,52;2,67;4;4;0;0;0;0;0;0;4;7;1;1;0;0;0;0;0;2
16,18;1,19;6;5;6;0;1;0;0;0;0;0;0;0;0;0;0;0;0;1
14,08;1,47;4;4;0;0;0;0;0;0;0;1;1;0;0;0;0;0;0;1
15,64;1,77;5;5;6;4;1;0;0;0;1;0;1;0;1;0;0;0;0;1
12,22;3,46;3;0;0;0;0;0;0;0;3;0;0;0;0;0;0;0;0;2
13,61;0,77;3;0;0;0;0;0;0;0;3;0;0;0;0;0;0;0;0;2
13,76;3,92;4;0;0;0;0;0;0;0;1;1;0;0;0;0;0;0;0;1
14,21;1,35;5;2;0;0;0;0;0;0;1;2;0;0;0;0;0;0;0;1
17,82;0,88;7;7;5;5;7;5;5;7;0;0;0;0;0;0;0;0;0;1
16,55;1,69;8;5;7;8;7;5;5;6;0;0;1;0;0;0;0;0;1;1
11,69;3,60;7;0;0;0;0;0;0;0;8;1;0;1;0;0;0;0;0;1
17,31;1,32;7;7;5;5;7;5;5;7;0;0;0;0;0;0;0;0;0;1
10,39;5,17;6;2;0;0;0;0;0;0;4;1;1;0;0;0;0;0;0;2
15,26;1,86;7;6;7;5;6;5;5;1;2;2;1;0;1;0;0;0;0;1
14,65;2,45;8;3;3;1;0;0;0;0;0;2;3;0;0;0;0;0;0;2
14,43;1,20;7;3;4;2;2;1;0;0;2;4;0;2;0;0;0;0;0;2
13,26;2,01;4;0;0;0;0;0;0;0;4;2;0;0;0;0;0;0;0;1
15,76;1,54;7;7;5;5;7;5;0;0;1;2;1;0;0;0;0;0;0;1
13,37;3,93;7;4;1;0;0;0;0;0;1;1;3;0;0;0;0;0;0;2
13,03;1,70;7;4;0;0;0;0;0;0;3;8;0;0;0;0;0;0;0;2
13,49;2,95;4;0;0;0;0;0;0;0;1;1;0;0;0;0;0;0;0;2
9,19;4,01;1;0;0;0;0;0;0;0;4;1;0;0;0;0;0;0;0;2
15,99;2,02;8;4;6;6;6;5;0;0;0;0;2;0;5;0;0;0;0;1
16,00;2,94;7;7;5;5;7;5;5;4;0;0;0;0;0;0;5;0;0;1
11,91;4,32;5;1;0;1;0;0;0;0;1;4;2;0;1;0;0;0;0;2
16,08;2,39;7;6;5;7;7;5;5;6;3;2;0;0;1;0;0;1;0;1
15,52;1,23;8;4;6;6;7;1;0;0;1;0;0;1;0;1;0;0;0;1
16,56;1,73;7;7;5;5;7;5;5;6;0;0;0;0;0;0;0;1;0;1
15,08;1,72;6;4;4;0;0;0;0;0;0;2;0;0;0;0;0;0;0;1
17,95;0,64;4;5;6;0;1;0;0;0;2;0;0;0;0;0;0;0;0;1
8,18;4,41;0;0;0;0;0;0;0;0;6;0;0;0;0;0;0;0;0;2
15,10;2,01;7;6;7;8;7;5;5;7;2;2;3;0;0;0;1;0;0;1
9,70;1,00;0;0;0;0;0;0;0;0;6;0;0;0;0;0;0;0;0;2
15,01;1,86;7;6;7;5;6;5;5;0;1;4;1;0;1;3;2;0;0;1
5,85;1,97;0;0;0;0;0;0;0;0;5;1;0;0;0;0;0;0;0;2
16,90;1,23;7;6;7;9;5;5;5;6;0;0;0;0;0;0;0;1;0;1
14,35;2,42;6;2;0;1;0;0;0;0;5;1;1;0;0;0;0;0;0;2
14,56;1,20;5;5;5;6;3;0;0;0;0;0;3;0;1;0;0;0;0;1
13,46;2,98;6;2;0;0;0;0;0;0;0;5;1;0;0;0;0;0;0;1
14,88;1,59;5;5;6;6;5;1;0;0;3;1;1;2;0;0;0;0;0;1
15,22;1,53;7;6;7;5;6;5;5;0;1;0;0;0;2;5;0;0;0;1
5,58;2,08;0;0;0;0;0;0;0;0;5;1;0;0;0;0;0;0;0;2
9,99;5,46;2;0;0;0;0;0;0;0;3;1;0;0;0;0;0;0;0;1
12,86;5,28;4;0;0;0;0;0;0;0;1;1;0;0;0;0;0;0;0;1
12,26;3,28;3;0;0;0;0;0;0;0;2;1;0;0;0;0;0;0;0;2
14,39;3,60;8;2;2;1;0;0;0;0;0;2;2;0;0;1;0;0;0;2
15,04;1,70;6;4;3;0;0;0;0;0;2;2;1;0;0;0;0;0;0;1
15,38;1,77;7;6;7;9;5;5;5;5;1;2;0;0;0;0;0;1;1;1
15,71;2,12;7;6;7;5;5;4;2;0;3;2;0;1;1;0;0;0;0;1
14,25;1,69;7;4;0;0;0;0;0;0;1;4;1;0;0;0;0;0;0;2
14,22;2,26;6;4;5;0;0;0;0;0;0;4;0;0;0;0;0;0;0;1
15,69;1,30;7;6;7;9;5;5;5;6;0;0;0;0;0;0;0;4;0;1
16,50;0,93;5;5;6;6;1;0;0;0;0;0;0;0;0;0;0;0;0;2
12,17;3,96;6;5;1;0;0;0;0;0;7;2;1;1;1;0;0;0;0;2
12,76;2,54;2;1;0;0;0;0;0;0;3;0;0;0;0;0;0;0;0;1
14,53;2,43;5;4;4;0;0;0;0;0;2;4;2;0;0;0;0;0;0;1
16,87;1,52;8;4;8;9;5;5;8;6;0;0;0;0;0;0;0;1;0;1
15,58;1,20;7;6;7;5;6;5;5;6;0;0;0;0;0;2;1;1;0;1
13,09;4,79;4;0;0;0;0;0;0;0;1;1;0;0;0;0;0;0;0;1
15,79;1,30;7;6;7;5;6;5;5;6;0;0;0;0;0;0;1;1;0;1
13,58;1,93;8;2;0;1;0;0;0;0;1;1;2;1;0;0;0;0;0;1
15,37;1,75;8;4;6;6;7;2;0;0;0;1;2;0;0;0;0;0;0;1
14,81;1,69;8;4;5;6;5;4;0;0;2;0;0;2;3;1;0;0;0;1
14,73;1,60;6;7;7;5;6;5;5;7;0;5;3;1;1;2;1;0;0;1
12,43;3,46;4;0;0;0;0;0;0;0;2;1;0;0;0;0;0;0;0;2
13,82;3,29;4;0;0;0;0;0;0;0;1;1;0;0;0;0;0;0;0;1
10,60;2,54;4;0;0;1;0;0;0;0;11;3;0;0;1;0;0;0;0;2
11,75;6,71;4;0;0;0;0;0;0;0;1;1;0;0;0;0;0;0;0;1
13,73;1,91;4;1;0;0;1;0;0;0;2;2;0;0;0;0;0;0;0;1
11,87;2,74;5;0;0;0;0;0;0;0;5;1;0;0;0;0;0;0;0;2
0,25;0,18;0;0;0;0;0;0;0;0;5;1;0;0;0;0;0;0;0;2
15,61;1,69;8;5;8;9;5;6;5;6;0;0;4;0;0;0;0;1;0;1
17,43;1,41;6;7;8;8;6;5;5;6;0;0;0;0;0;0;0;1;0;1
13,73;3,05;5;3;0;0;0;0;0;0;1;5;2;0;0;0;0;0;0;2
12,46;4,44;7;2;2;1;0;0;0;0;4;1;1;1;0;1;0;0;0;2
15,68;1,73;6;7;8;9;5;5;5;7;1;2;0;1;0;0;0;1;0;1
13,74;2,93;5;3;3;0;0;0;0;0;0;3;1;0;0;0;0;0;0;1
13,92;2,66;6;3;1;0;0;0;0;0;0;4;4;0;0;0;0;0;0;2
12,43;4,33;5;2;0;0;0;0;0;0;1;1;0;0;0;0;0;0;0;2
15,92;1,46;7;6;7;9;5;5;5;6;0;0;0;0;0;0;0;1;0;1
16,01;2,04;8;5;7;8;7;6;5;6;0;1;3;1;0;0;0;1;0;1
13,44;3,02;6;3;0;0;0;0;0;0;1;4;0;0;0;0;0;0;0;1
1,93;0,00;0;0;0;0;0;0;0;0;5;1;0;0;0;0;0;0;0;2
13,87;2,10;7;5;4;1;1;0;0;0;3;2;2;2;0;0;0;0;0;2
15,52;1,26;6;5;5;0;0;0;0;0;0;0;2;0;0;0;0;0;0;1
14,53;1,51;8;4;6;2;1;0;0;0;4;3;1;1;2;1;0;0;0;1
14,62;2,08;4;3;0;1;0;0;0;0;3;0;0;0;0;0;0;0;0;2
16,27;1,35;6;7;7;8;7;5;5;5;0;1;0;0;0;0;0;1;1;1
11,24;5,79;4;1;0;0;0;0;0;0;2;1;0;0;0;0;0;0;0;2
12,78;4,30;5;0;0;0;0;0;0;0;1;0;0;0;0;0;0;0;0;2
5,73;2,23;0;0;0;0;0;0;0;0;5;1;0;0;0;0;0;0;0;2
17,47;2,14;8;4;8;9;5;5;8;5;0;0;0;0;0;0;0;0;2;1
15,61;1,83;5;5;6;6;6;0;0;0;2;0;0;0;1;0;0;0;0;1
12,33;2,06;4;0;0;0;0;0;0;0;6;0;0;0;0;0;0;0;0;2
14,95;2,13;6;4;6;5;5;1;0;0;4;1;1;1;0;0;0;0;0;1
17,47;1,39;6;7;8;8;6;5;5;7;0;0;0;0;0;0;0;0;0;1
13,39;3,31;7;2;0;1;0;0;0;0;7;3;0;0;0;0;0;0;0;1
11,28;6,01;3;0;0;0;0;0;0;0;2;1;0;0;0;0;0;0;0;1
16,38;1,35;6;5;5;4;1;0;0;0;0;0;1;0;0;0;0;0;0;1
16,52;2,28;7;6;7;5;6;5;5;6;2;0;0;0;0;0;0;1;0;1
16,05;1,62;7;6;7;5;6;5;5;6;0;0;0;0;0;1;0;2;0;1
15,50;1,47;5;5;5;5;2;0;0;0;0;1;1;0;2;0;0;0;0;1
14,81;1,36;7;4;1;0;0;0;0;0;2;1;0;0;0;0;0;0;0;2
13,22;2,94;6;3;4;0;0;0;0;0;5;4;1;0;0;0;0;0;0;2
13,99;2,55;5;4;3;1;0;0;0;0;1;5;0;0;1;0;0;0;0;1
14,76;1,05;7;4;6;3;2;1;0;0;2;2;1;5;1;0;0;0;0;1
12,31;5,15;3;0;0;0;0;0;0;0;2;1;0;0;0;0;0;0;0;1
15,93;1,21;8;4;6;6;7;5;1;0;0;1;0;0;0;0;0;0;0;1
1,71;1,27;0;0;0;0;0;0;0;0;5;1;0;0;0;0;0;0;0;2
12,05;2,80;5;2;0;0;0;0;0;0;7;0;0;0;0;0;0;0;0;2
15,05;1,39;4;0;0;0;0;0;0;0;1;1;0;0;0;0;0;0;0;2
10,68;4,13;4;0;0;0;0;0;0;0;8;2;0;0;0;0;0;0;0;2
17,06;0,78;6;5;6;0;1;0;0;0;0;0;0;0;0;0;0;0;0;1
16,29;1,59;8;4;8;9;5;5;8;6;0;0;0;0;0;0;0;1;0;1
16,05;1,49;7;6;7;8;5;5;5;7;0;0;1;0;0;1;0;0;0;1
15,13;2,77;6;4;4;0;0;0;0;0;0;2;0;0;0;0;0;0;0;1
14,53;3,11;4;0;0;0;0;0;0;0;1;1;0;0;0;0;0;0;0;1
15,75;1,30;8;4;6;6;7;4;1;0;1;1;1;1;0;0;0;0;0;1
15,32;1,58;5;5;6;6;5;1;0;0;1;1;1;0;1;0;0;0;0;1
15,06;0,86;7;5;0;0;0;0;0;0;0;0;0;0;0;0;0;0;0;2
14,18;1,72;7;7;5;5;4;2;0;0;1;1;1;0;5;0;0;0;0;1
14,07;3,58;5;3;3;4;3;0;0;0;2;2;4;0;0;1;0;0;0;1
14,01;1,63;5;3;0;0;0;0;0;0;1;1;0;0;0;0;0;0;0;1
8,13;1,65;0;0;0;0;0;0;0;0;6;0;0;0;0;0;0;0;0;2
15,12;2,21;6;6;7;5;6;5;5;6;2;1;1;0;1;0;0;1;0;1
14,70;1,18;8;4;6;5;2;0;0;0;3;4;0;0;0;0;0;0;0;1
10,93;2,01;1;0;0;0;0;0;0;0;5;0;0;0;0;0;0;0;0;2
14,60;2,29;7;6;7;5;6;5;5;7;6;1;3;0;0;1;1;0;0;1
11,35;4,51;5;1;0;0;0;0;0;0;3;5;0;0;0;0;0;0;0;2
16,56;1,24;5;5;1;0;0;0;0;0;0;0;0;0;0;0;0;0;0;1
15,70;1,55;7;6;7;6;6;5;5;3;1;0;0;0;0;1;0;0;0;1
14,71;1,23;5;1;0;0;0;0;0;0;2;1;0;0;0;0;0;0;0;1
15,89;1,61;7;7;5;6;7;5;5;0;0;0;0;1;2;0;1;0;0;1
12,61;1,51;1;0;0;0;0;0;0;0;4;1;0;0;0;0;0;0;0;2
10,15;1,69;0;0;0;0;0;0;0;0;6;0;0;0;0;0;0;0;0;2
15,77;1,34;5;5;5;6;6;0;0;0;0;0;2;0;0;0;0;0;0;1
13,59;3,58;5;4;2;2;0;0;0;0;2;2;3;0;0;0;0;0;0;2
15,31;2,41;8;4;6;6;7;1;0;0;0;2;1;0;2;0;0;0;0;1
5,52;5,02;1;0;0;0;0;0;0;0;4;1;0;0;0;0;0;0;0;1
15,50;1,28;8;4;6;6;5;2;0;0;0;3;0;0;0;1;0;0;0;1
12,64;3,82;7;2;1;1;0;0;0;0;3;6;4;0;0;0;0;0;0;1
16,35;1,59;6;7;7;8;7;5;5;6;1;0;1;0;0;0;0;1;1;1
15,76;1,63;5;5;6;5;2;0;0;0;0;3;1;0;0;0;0;0;0;1
13,81;2,76;5;5;0;1;0;0;0;0;2;1;1;0;0;0;0;0;0;1
13,90;1,88;5;4;1;0;0;0;0;0;1;5;0;1;0;0;0;0;0;1
15,05;0,88;5;5;6;6;6;4;0;0;0;0;2;0;1;0;0;0;0;1
13,51;2,66;4;3;0;0;0;0;0;0;1;2;1;0;0;0;0;0;0;1
13,19;2,44;2;0;0;0;0;0;0;0;3;1;0;0;0;0;0;0;0;2
14,60;1,39;7;5;3;0;0;0;0;0;0;1;1;0;0;0;0;0;0;2
16,13;1,45;7;7;5;5;7;5;5;7;0;0;0;0;2;0;0;0;0;1
17,18;1,32;7;5;0;0;0;0;0;0;0;0;0;0;0;0;0;0;0;2
16,37;1,33;7;6;7;9;5;5;5;7;0;0;0;0;0;0;0;0;0;1
13,96;2,84;5;4;0;0;0;0;0;0;1;2;1;0;0;0;0;0;0;2
16,13;1,71;6;5;5;4;1;0;0;0;0;0;1;0;0;0;0;0;0;1
12,75;4,01;5;0;0;0;0;0;0;0;1;1;0;0;0;0;0;0;0;2
13,16;2,85;4;1;0;1;0;0;0;0;4;1;0;0;0;0;0;0;0;2
14,98;2,14;7;7;6;5;6;5;2;0;3;2;1;2;0;0;0;0;0;1
9,80;5,00;3;0;0;0;0;0;0;0;5;1;1;0;0;0;0;0;0;2
13,71;2,86;4;0;0;0;0;0;0;0;2;0;0;0;0;0;0;0;0;2
16,08;0,62;5;1;0;0;0;0;0;0;0;0;0;0;0;0;0;0;0;1
13,08;1,23;4;1;0;0;0;0;0;0;5;0;0;0;0;0;0;0;0;1
12,79;2,22;5;5;1;0;0;0;0;0;5;3;1;0;0;0;0;0;0;1
13,34;2,31;5;1;0;0;0;0;0;0;4;0;0;0;0;0;0;0;0;2
16,73;1,62;8;4;8;9;5;5;8;6;0;0;0;0;0;0;0;1;0;1
15,68;1,26;8;4;6;6;7;4;0;0;0;1;0;0;0;0;0;0;0;1
11,69;3,85;3;3;0;0;0;0;0;0;3;0;1;0;0;0;0;0;0;1
13,08;4,09;5;0;0;0;0;0;0;0;3;2;0;0;0;0;0;0;0;2
8,30;1,81;0;0;0;0;0;0;0;0;5;1;0;0;0;0;0;0;0;2
16,16;1,24;5;1;0;0;0;0;0;0;0;0;0;0;0;0;0;0;0;1
13,79;1,91;3;1;0;0;0;0;0;0;2;0;0;0;0;0;0;0;0;1
15,43;1,30;7;7;5;6;7;5;4;0;3;0;0;0;2;1;0;0;0;1
15,24;1,87;7;6;7;8;6;5;5;7;2;3;2;2;0;1;1;1;0;1
14,38;1,77;5;0;0;0;0;0;0;0;1;0;0;0;0;0;0;0;0;2
2,96;1,38;0;0;0;0;0;0;0;0;5;1;0;0;0;0;0;0;0;2
14,90;2,33;7;6;7;5;7;5;3;0;1;2;1;3;1;1;0;0;0;1
16,27;1,29;7;6;7;5;6;5;5;7;0;0;0;0;0;0;1;0;0;1
8,34;4,12;0;0;0;0;0;0;0;0;5;1;0;0;0;0;0;0;0;2
15,84;1,22;6;7;8;8;6;5;5;6;1;1;1;0;0;0;0;1;0;1
15,47;1,85;8;5;8;8;4;6;5;7;1;0;1;2;1;1;0;0;0;1
13,68;2,29;6;4;2;1;0;0;0;0;5;3;3;0;0;0;0;0;0;2
15,79;1,27;7;6;7;9;5;5;5;6;0;0;0;0;0;0;0;1;0;1
13,17;2,76;7;2;0;1;0;0;0;0;3;3;1;0;0;0;0;0;0;1
13,86;2,72;4;0;0;0;0;0;0;0;1;1;0;0;0;0;0;0;0;2
7,87;3,58;0;0;0;0;0;0;0;0;6;0;0;0;0;0;0;0;0;2
13,18;4,02;7;5;2;0;0;0;0;0;2;5;0;0;0;0;0;0;0;2
15,86;1,72;6;7;7;8;7;5;5;6;1;0;1;0;0;0;0;3;0;1
8,05;6,72;5;0;0;0;0;0;0;0;2;3;0;0;0;0;0;0;0;2
1,99;1,65;0;0;0;0;0;0;0;0;6;0;0;0;0;0;0;0;0;2
16,27;1,56;6;7;7;9;6;5;5;4;0;0;2;0;0;0;0;0;0;1
13,29;4,33;5;2;0;1;0;0;0;0;4;3;1;0;0;0;0;0;0;1
16,33;1,89;5;5;6;6;6;0;0;0;1;0;0;0;1;0;0;0;0;1
14,48;0,59;5;0;0;0;0;0;0;0;1;0;0;0;0;0;0;0;0;2
14,66;3,03;5;3;5;4;3;0;0;0;0;3;2;1;1;0;0;0;0;1
15,55;1,06;6;0;0;0;0;0;0;0;1;5;0;0;0;0;0;0;0;2
15,70;2,04;7;6;7;5;5;5;5;6;1;1;1;1;2;0;0;1;0;1
15,37;1,19;6;7;7;5;6;5;5;2;0;2;4;0;0;0;2;5;0;1
13,20;1,90;4;1;0;0;0;0;0;0;5;0;0;0;0;0;0;0;0;1
13,69;1,88;6;0;0;1;0;0;0;0;3;1;0;0;0;0;0;0;0;2
13,57;3,00;7;6;6;2;2;0;0;0;3;4;0;0;1;1;0;0;0;1
0,22;0,19;0;0;0;0;0;0;0;0;5;1;0;0;0;0;0;0;0;2
1,46;1,23;0;0;0;0;0;0;0;0;5;1;0;0;0;0;0;0;0;2
14,71;1,31;7;6;7;5;6;5;5;0;2;2;1;0;0;1;2;0;0;1
13,31;4,01;6;4;2;2;0;0;0;0;2;2;1;0;0;0;0;0;0;2
14,99;2,35;7;7;6;5;6;5;2;0;3;4;0;0;1;0;0;0;0;1
9,97;4,97;3;0;0;0;0;0;0;0;3;1;0;0;0;0;0;0;0;2
14,23;1,34;4;2;0;0;0;0;0;0;2;1;1;0;0;0;0;0;0;2
15,41;1,16;5;5;6;6;6;1;0;0;0;0;0;1;0;0;0;0;0;1
15,57;2,53;6;6;5;6;6;5;5;2;2;2;1;0;2;0;0;0;0;1
15,51;2,38;7;6;7;5;6;5;5;2;1;0;1;2;0;0;0;0;0;1
14,48;1,48;3;3;2;0;0;0;0;0;0;4;4;0;0;0;0;0;0;1
13,28;3,76;6;3;3;1;1;0;0;0;2;3;1;0;0;0;0;0;0;1
15,23;2,15;5;5;6;5;3;0;0;0;0;1;2;0;1;0;0;0;0;1
14,71;1,83;5;1;0;0;0;0;0;0;2;1;0;0;0;0;0;0;0;2
14,26;1,93;6;5;1;0;0;0;0;0;0;2;1;0;0;0;0;0;0;1
12,59;4,33;7;6;4;0;0;0;0;0;0;0;10;0;0;0;0;0;0;2
11,67;5,33;6;3;0;0;0;0;0;0;1;5;0;0;0;0;0;0;0;2
11,80;4,40;4;1;0;0;0;0;0;0;3;3;0;0;0;0;0;0;0;2
15,80;1,82;7;6;7;5;6;5;5;0;0;1;1;0;2;0;0;0;0;1
16,12;1,51;7;6;7;9;7;5;5;7;0;0;2;0;0;0;0;0;0;1
13,84;1,80;5;4;3;2;0;0;0;0;2;5;5;0;0;0;0;0;0;2
15,84;1,25;5;5;6;6;6;5;0;0;0;0;2;0;0;0;0;0;0;1
13,08;2,62;6;3;0;0;0;0;0;0;0;4;3;0;0;0;0;0;0;1
17,13;1,37;7;6;7;9;6;5;5;7;1;0;0;0;0;0;0;0;0;1
13,51;3,35;7;4;4;4;1;0;0;0;4;3;4;3;1;0;0;0;0;2
5,17;4,49;2;0;0;0;0;0;0;0;8;2;0;0;0;0;0;0;0;2
14,58;2,94;7;5;6;6;5;1;0;0;3;8;0;1;1;0;0;0;0;1
12,50;5,00;3;0;0;0;0;0;0;0;2;1;0;0;0;0;0;0;0;1
13,43;2,64;4;0;0;0;0;0;0;0;2;1;0;0;0;0;0;0;0;2
14,93;0,56;5;4;1;0;0;0;0;0;1;0;0;0;0;0;0;0;0;1
13,39;2,70;8;3;3;0;0;0;0;0;4;4;3;3;0;0;0;0;0;2
16,80;1,26;7;6;7;5;6;5;5;3;0;0;0;0;0;0;0;0;0;1
4,26;1,77;0;0;0;0;0;0;0;0;5;1;0;0;0;0;0;0;0;2
10,73;3,58;4;0;0;0;0;0;0;0;4;2;0;0;0;0;0;0;0;2
4,45;1,46;0;0;0;0;0;0;0;0;6;0;0;0;0;0;0;0;0;2
12,33;5,23;4;0;0;0;0;0;0;0;1;1;0;0;0;0;0;0;0;1
16,03;1,99;5;5;6;6;6;0;0;0;1;0;0;0;1;0;0;0;0;1
15,16;1,67;7;7;6;5;6;5;5;2;2;1;1;0;1;4;0;0;0;1
15,09;1,39;8;5;8;8;6;6;5;6;0;0;3;0;0;0;0;4;0;1
6,33;2,83;0;0;0;0;0;0;0;0;6;2;0;0;0;0;0;0;0;2
14,88;1,19;4;1;0;0;0;0;0;0;1;0;0;0;0;0;0;0;0;1
16,64;1,34;5;5;6;6;7;3;0;0;0;0;0;1;0;0;0;0;0;1
14,79;0,74;6;5;2;0;0;0;0;0;0;1;0;0;0;0;0;0;0;1
14,03;2,33;4;1;0;0;0;0;0;0;1;0;0;0;0;0;0;0;0;2
13,25;1,21;4;1;0;0;0;0;0;0;3;1;1;0;0;0;0;0;0;1
15,08;1,34;7;6;7;6;6;5;5;0;0;0;0;0;0;2;4;0;0;1
15,54;1,37;7;6;7;8;7;5;5;7;1;0;2;0;0;0;1;0;0;1
14,76;2,11;7;6;7;6;5;3;1;0;3;3;2;2;4;0;1;0;0;2
16,68;1,49;8;4;8;9;5;5;8;7;0;0;0;0;0;0;0;0;0;1
15,58;2,03;7;6;7;8;7;5;5;6;2;1;0;4;1;0;0;1;0;1
9,18;3,15;2;0;0;0;0;0;0;0;8;2;0;0;0;0;0;0;0;1
7,65;1,85;0;0;0;0;0;0;0;0;6;0;0;0;0;0;0;0;0;2
12,53;4,07;5;0;0;0;0;0;0;0;3;2;0;0;0;0;0;0;0;2
12,87;1,58;2;0;0;0;0;0;0;0;8;0;0;0;0;0;0;0;0;2
12,92;3,61;6;2;0;0;0;0;0;0;3;4;0;0;0;0;0;0;0;2
13,22;4,03;8;2;0;1;1;0;0;0;0;2;1;0;0;0;0;0;0;2
16,31;1,44;5;5;6;6;6;0;0;0;1;0;0;1;1;0;0;0;0;1
16,62;1,62;7;7;5;5;7;5;5;7;0;0;0;0;0;0;0;0;0;1
15,43;2,44;8;5;6;6;7;4;0;0;2;1;1;2;2;0;0;0;0;1
13,55;2,93;7;5;0;0;0;0;0;0;0;0;6;0;0;0;0;0;0;2
11,90;4,46;6;4;1;0;0;0;0;0;2;4;2;1;1;0;0;0;0;2
3,34;1,04;0;0;0;0;0;0;0;0;6;1;0;0;0;0;0;0;0;2
12,09;3,95;7;6;3;1;3;1;0;0;7;8;6;1;0;0;0;0;1;2
14,70;1,92;5;4;1;3;0;0;0;0;1;2;3;0;0;0;0;0;0;2
14,49;2,11;7;5;8;5;5;5;3;0;2;1;1;1;4;2;1;0;0;1
12,75;2,62;4;1;0;0;0;0;0;0;2;3;0;0;0;0;0;0;0;2
13,77;1,47;4;0;0;0;0;0;0;0;1;1;0;0;0;0;0;0;0;1
15,55;1,52;8;5;6;6;6;4;0;0;3;1;0;1;1;0;0;0;0;1
5,84;2,70;0;0;0;0;0;0;0;0;6;0;0;0;0;0;0;0;0;2
16,02;1,13;7;7;5;5;7;5;5;7;0;0;0;0;0;0;0;0;0;1
13,33;3,01;6;4;1;0;0;0;0;0;3;2;0;0;0;0;0;0;0;2
12,15;3,58;6;3;0;0;0;0;0;0;2;4;2;0;0;0;0;0;0;2
13,31;4,36;7;7;6;4;0;0;0;0;2;1;1;1;4;0;0;0;0;2
14,89;2,03;7;7;6;6;6;4;0;0;3;3;2;1;1;0;0;0;0;1
12,98;1,95;3;0;0;0;0;0;0;0;4;2;0;0;0;0;0;0;0;1
16,37;1,27;7;7;5;5;7;5;5;7;0;0;0;0;0;0;0;0;0;1
2,22;0,95;0;0;0;0;0;0;0;0;11;2;0;0;0;0;0;0;0;2
16,33;1,41;5;5;6;6;6;0;0;0;0;0;1;0;1;0;0;0;0;1
13,40;1,46;4;2;0;0;0;0;0;0;2;2;1;0;0;0;0;0;0;1
13,14;3,92;4;0;0;0;0;0;0;0;2;3;0;0;0;0;0;0;0;2
13,95;1,76;4;2;1;1;0;0;0;0;3;4;0;0;0;0;0;0;0;1
14,92;1,07;8;4;6;6;6;5;3;0;0;0;1;1;3;1;0;0;0;1
14,23;2,44;8;5;6;5;6;2;0;0;1;0;1;1;4;5;1;0;0;1
4,29;1,33;0;0;0;0;0;0;0;0;6;1;0;0;0;0;0;0;0;2
14,66;2,81;7;4;1;1;0;0;0;0;1;2;0;0;0;0;0;0;0;2
13,95;2,50;5;0;0;0;0;0;0;0;1;1;0;0;0;0;0;0;0;2
14,87;2,83;7;3;0;1;1;0;0;0;4;0;0;0;0;0;0;0;0;2
16,60;1,79;7;6;7;6;6;5;5;6;0;1;0;0;0;0;0;1;0;1
10,21;2,85;0;0;0;0;0;0;0;0;5;1;0;0;0;0;0;0;0;2
11,09;5,37;6;1;0;0;0;0;0;0;1;4;1;0;0;0;0;0;0;1
18,25;1,27;5;1;0;0;0;0;0;0;0;0;0;0;0;0;0;0;0;1
13,97;2,75;7;7;6;5;4;3;0;0;4;6;1;2;4;0;0;0;0;1
9,12;4,70;4;0;0;0;0;0;0;0;4;1;0;0;1;0;0;1;0;2
8,32;3,29;2;0;0;0;0;0;0;0;8;0;0;0;0;0;0;0;0;2
14,43;2,65;7;6;7;8;6;5;5;1;2;4;3;3;2;0;0;0;0;1
15,75;1,99;5;5;6;6;4;0;0;0;3;2;0;0;0;0;0;0;0;1
15,73;1,74;6;7;5;5;7;5;5;0;4;1;2;0;1;0;0;0;0;1
16,00;1,96;7;6;7;5;6;5;5;6;0;1;1;0;0;0;0;1;0;1
15,92;1,72;5;1;0;0;0;0;0;0;0;0;0;0;0;0;0;0;0;1
14,79;1,14;8;4;7;5;0;0;0;0;1;0;2;1;0;0;0;0;0;2
12,96;1,14;3;0;0;0;0;0;0;0;3;0;0;0;0;0;0;0;0;2
15,43;1,92;6;5;1;0;0;0;0;0;0;2;0;0;0;0;0;0;0;1
13,55;1,29;4;2;0;0;0;0;0;0;4;3;2;0;0;0;0;0;0;2
13,13;3,65;7;4;1;1;0;0;0;0;1;5;1;0;0;0;0;0;0;2
16,74;1,58;8;4;8;9;5;5;8;7;0;0;0;0;0;0;0;0;0;1
12,90;2,56;6;2;0;0;0;0;0;0;5;1;1;0;0;0;0;0;0;2
14,58;3,60;5;5;6;2;1;0;0;0;0;0;0;4;0;0;0;0;0;2
14,97;1,86;5;3;0;0;0;0;0;0;1;1;0;0;0;0;0;0;0;1
12,62;3,42;5;3;2;1;0;0;0;0;2;5;2;0;1;0;0;0;0;2
10,73;5,27;5;0;0;0;0;0;0;0;4;3;0;0;0;0;0;0;0;2
14,49;1,38;7;5;4;0;0;0;0;0;4;1;2;0;0;0;0;0;0;2
13,46;4,24;4;0;0;0;0;0;0;0;1;1;0;0;0;0;0;0;0;1
14,86;1,16;7;7;5;6;6;5;2;0;1;3;1;1;0;0;0;0;0;1
8,92;3,52;1;0;0;0;0;0;0;0;9;1;0;0;0;0;0;0;0;2
7,30;4,93;3;0;0;0;0;0;0;0;8;2;0;0;0;0;0;0;0;2
13,70;2,93;7;6;2;3;0;0;0;0;1;4;2;0;0;0;0;0;0;2
15,52;0,88;5;5;1;0;0;0;0;0;0;0;0;0;0;0;0;0;0;1
14,23;1,63;8;2;2;1;1;0;0;0;3;5;2;1;0;0;0;0;0;2
12,21;2,44;5;1;0;0;0;0;0;0;8;4;0;0;0;0;0;0;0;2
14,30;3,57;8;4;2;1;0;0;0;0;2;4;0;0;0;0;0;0;0;2
16,46;2,36;5;5;6;6;7;4;0;0;0;1;0;1;0;0;0;0;0;1
17,34;1,32;8;4;8;9;5;5;8;6;0;0;0;0;0;0;0;1;0;1
15,92;1,94;7;7;5;6;6;5;4;0;1;3;0;2;1;0;0;0;0;1
15,29;1,97;8;5;6;7;7;5;0;0;3;0;0;1;2;0;0;0;0;1
14,07;3,34;6;4;0;0;0;0;0;0;0;2;2;0;0;0;0;0;0;2
16,38;1,69;7;7;5;5;7;5;5;6;0;0;0;0;2;0;0;1;0;1
15,04;2,95;7;6;7;6;6;5;5;7;2;4;0;0;0;0;0;3;2;1
12,73;1,92;3;1;0;0;0;0;0;0;5;2;0;0;0;0;0;0;0;2
15,11;1,40;8;3;4;3;0;1;0;0;0;3;0;0;0;0;0;0;0;2
1,04;0,73;0;0;0;0;0;0;0;0;5;1;0;0;0;0;0;0;0;2
16,32;1,77;7;7;5;5;7;5;1;0;0;0;1;0;0;1;0;0;0;1
14,26;1,67;7;4;6;3;3;0;0;0;9;1;0;1;0;0;0;0;0;1
14,07;2,30;6;5;2;0;0;0;0;0;2;2;0;0;0;0;0;0;0;2
14,26;2,16;5;3;0;0;0;0;0;0;4;0;0;0;0;0;0;0;0;1
15,48;2,48;7;7;6;7;6;5;5;3;2;4;2;1;0;0;0;0;0;1
14,09;2,18;7;7;5;5;7;4;0;0;3;2;3;1;1;0;0;0;0;1
15,66;1,80;7;7;5;5;7;3;0;0;1;2;2;1;2;0;0;0;0;1
15,49;0,74;5;1;0;0;0;0;0;0;0;0;0;0;0;0;0;0;0;1
15,76;1,83;5;5;6;6;6;4;0;0;1;2;0;0;0;0;0;0;0;1
14,51;0,75;8;5;6;2;0;0;0;0;3;2;2;0;1;0;0;0;0;1
15,66;1,63;7;6;8;8;6;6;5;6;0;0;1;0;0;0;0;1;0;1
15,10;1,25;4;1;0;0;0;0;0;0;1;0;0;0;0;0;0;0;0;2
13,15;2,69;3;1;0;0;0;0;0;0;4;2;0;0;0;0;0;0;0;2
15,32;2,48;7;6;7;6;6;5;5;6;2;3;0;1;1;0;0;2;0;1
14,95;1,88;6;2;0;0;0;0;0;0;0;3;0;0;0;0;0;0;0;2
13,61;1,49;4;1;0;0;0;0;0;0;4;0;0;0;0;0;0;0;0;1
13,97;3,06;5;4;4;6;2;1;0;0;1;4;2;3;2;0;0;0;0;1
14,89;1,22;6;3;0;0;0;0;0;0;2;2;0;0;0;0;0;0;0;2
13,72;2,36;6;2;0;0;0;0;0;0;3;3;0;0;0;0;0;0;0;1
15,48;2,31;7;6;7;9;5;5;5;6;0;2;2;1;0;0;1;1;0;1
15,74;1,44;5;5;6;5;5;0;0;0;1;2;1;0;0;0;0;0;0;1
15,55;1,26;5;5;6;6;6;0;0;0;0;0;1;0;1;0;0;0;0;1
12,46;2,73;4;0;0;0;0;0;0;0;4;2;0;0;0;0;0;0;0;2
12,63;3,58;5;1;0;1;0;0;0;0;5;1;0;0;2;0;0;0;0;2
12,74;3,79;6;2;0;0;0;0;0;0;3;2;0;0;0;0;0;0;0;1
17,08;1,58;5;1;0;0;0;0;0;0;0;0;0;0;0;0;0;0;0;1
14,42;1,91;8;4;3;1;0;0;0;0;1;3;2;1;0;0;0;0;0;1
0,03;0,00;0;0;0;0;0;0;0;0;6;0;0;0;0;0;0;0;0;2
12,15;2,85;5;0;0;0;0;0;0;0;4;0;0;0;0;0;0;0;0;2
12,00;2,75;3;0;0;0;0;0;0;0;5;2;0;0;0;0;0;0;0;2
14,72;3,37;8;5;7;8;6;7;5;5;0;2;7;0;0;0;0;3;0;1
12,86;1,56;2;0;0;0;0;0;0;0;4;0;0;0;0;0;0;0;0;2
12,61;3,89;6;4;0;0;0;0;0;0;2;8;1;0;0;0;0;0;0;2
13,18;4,00;5;0;0;0;0;0;0;0;3;2;0;0;0;0;0;0;0;2
13,09;1,55;2;0;0;0;0;0;0;0;3;1;0;0;0;0;0;0;0;2
7,48;2,15;0;0;0;0;0;0;0;0;6;1;0;0;0;0;0;0;0;2
12,24;1,80;2;0;0;0;0;0;0;0;4;4;0;0;0;0;0;0;0;2
16,07;2,31;6;7;7;8;7;5;5;5;2;1;2;0;0;0;0;1;1;1
15,45;0,94;5;5;6;6;6;0;0;0;0;0;1;3;0;0;0;0;0;1
7,15;2,42;0;0;0;0;0;0;0;0;6;1;0;0;0;0;0;0;0;2
14,43;2,54;6;5;4;0;0;0;0;0;0;4;1;0;0;0;0;0;0;1
15,11;3,14;6;1;0;1;1;0;0;0;2;0;0;0;0;0;0;0;0;2
16,93;1,08;5;5;6;6;6;5;5;0;0;0;0;0;0;0;0;0;0;1
13,95;1,70;6;0;0;0;0;0;0;0;5;5;0;0;0;0;0;0;0;2
14,13;2,19;5;1;0;0;0;0;0;0;0;1;0;0;0;0;0;0;0;2
15,59;1,20;5;5;6;6;3;0;0;0;0;2;1;0;0;0;0;0;0;1
11,95;4,02;6;2;0;0;0;0;0;0;1;6;2;0;0;0;0;0;0;1
14,58;1,38;5;0;0;0;0;0;0;0;1;1;0;0;0;0;0;0;0;2
15,51;1,15;8;4;6;6;6;5;2;0;0;0;0;2;2;1;0;0;0;1
14,79;2,79;7;7;6;5;7;5;5;6;6;3;2;0;0;0;0;1;0;1
15,69;2,17;6;7;8;8;6;5;5;7;1;0;0;1;0;0;0;0;0;1
14,51;2,72;7;3;0;1;1;0;0;0;5;1;1;0;0;0;0;0;0;2
16,07;1,41;7;6;7;9;5;5;5;3;0;0;1;0;0;2;1;0;0;1
15,28;1,84;7;6;7;6;6;5;5;2;1;0;0;1;0;1;0;0;0;1
15,69;1,48;5;5;6;4;4;1;0;0;0;2;0;1;0;1;0;0;0;1
7,70;4,94;2;0;0;0;0;0;0;0;3;1;0;0;0;0;0;0;0;2
9,58;4,70;3;0;0;0;0;0;0;0;4;2;0;0;0;0;0;0;0;2
8,81;4,36;5;0;0;0;0;0;0;0;9;2;0;0;0;0;0;0;0;2
17,32;1,16;8;4;6;6;6;5;5;0;0;0;0;0;0;0;0;0;0;1
15,91;1,23;7;6;7;5;6;5;5;7;0;0;0;0;0;1;2;0;0;1
10,21;4,55;3;0;0;0;0;0;0;0;4;3;0;0;0;0;0;0;0;2
13,98;1,28;4;3;1;0;0;0;0;0;1;3;4;0;0;0;0;0;0;2
15,96;1,12;8;4;6;6;6;2;0;0;1;0;0;2;0;0;0;0;0;1
12,41;1,66;2;0;0;0;0;0;0;0;4;1;0;0;0;0;0;0;0;2
13,30;2,65;4;0;0;0;0;0;0;0;5;0;0;0;0;0;0;0;0;2
14,96;1,57;5;4;5;2;0;0;0;0;1;1;3;1;0;0;0;0;0;1
15,06;1,32;5;1;0;0;0;0;0;0;0;0;0;0;0;0;0;0;0;1
4,63;5,91;1;0;0;0;0;0;0;0;4;1;0;0;0;0;0;0;0;1
14,79;2,93;6;1;0;0;0;0;0;0;0;4;0;0;0;0;0;0;0;2
16,22;1,79;7;6;7;5;7;5;5;2;1;1;0;1;0;0;0;1;0;1
13,79;1,23;5;2;0;0;0;0;0;0;1;2;0;0;0;0;0;0;0;1
16,25;2,21;6;5;4;4;0;0;0;0;1;1;0;0;0;0;0;0;0;1
11,64;3,48;3;0;0;0;0;0;0;0;5;3;0;0;0;0;0;0;0;2
15,73;1,89;7;6;7;8;6;7;5;5;2;2;0;0;0;0;0;2;0;1
15,33;1,64;7;6;7;5;6;5;5;2;0;0;0;0;0;3;1;0;0;1
13,37;3,80;5;3;1;0;0;0;0;0;1;1;0;0;0;0;0;0;0;1
14,25;1,35;4;3;1;0;0;0;0;0;1;1;0;0;0;0;0;0;0;1
16,09;1,75;5;5;6;6;6;0;0;0;0;0;1;0;1;0;0;0;0;1
15,80;1,01;5;5;1;0;0;0;0;0;0;0;0;0;0;0;0;0;0;1
11,20;4,98;4;0;0;1;0;0;0;0;3;3;0;0;0;1;0;0;0;2
13,17;3,51;5;5;4;0;1;0;0;0;1;2;4;3;0;0;0;0;0;2
15,25;1,75;5;5;6;6;1;0;0;0;0;3;1;0;0;0;0;0;0;1
14,74;1,02;5;2;0;0;0;0;0;0;1;0;0;0;0;0;0;0;0;2
13,77;3,78;5;5;5;0;0;0;0;0;0;0;2;3;0;0;0;0;0;2
13,16;3,69;6;3;1;0;0;0;0;0;0;4;1;0;0;0;0;0;0;1
2,85;1,86;0;0;0;0;0;0;0;0;5;1;0;0;0;0;0;0;0;2
14,94;1,42;7;5;8;5;6;5;1;0;1;2;1;1;4;0;0;0;0;1
16,04;1,51;7;7;5;5;7;5;5;2;1;2;0;0;0;0;0;0;0;1
15,73;1,38;7;7;5;5;6;5;5;2;1;0;0;0;0;1;0;0;0;1
15,76;1,97;8;5;8;8;5;7;5;5;0;0;1;1;1;1;0;2;0;1
14,13;3,71;6;4;2;0;0;0;0;0;0;3;1;0;0;0;0;0;0;1
14,59;3,57;8;3;1;1;1;0;0;0;0;1;1;0;0;0;0;0;0;2
15,99;1,69;8;4;8;9;5;7;5;6;0;0;1;1;1;0;0;1;0;1
11,36;5,04;3;0;0;0;0;0;0;0;2;1;0;0;0;0;0;0;0;2
0,67;0,00;0;0;0;0;0;0;0;0;6;0;0;0;0;0;0;0;0;2
8,96;4,03;1;0;0;0;0;0;0;0;5;1;0;0;0;0;0;0;0;2
11,76;2,37;6;0;0;0;0;0;0;0;6;0;0;0;0;0;0;0;0;2
9,94;5,63;6;0;0;0;0;0;0;0;2;4;0;0;0;0;0;0;0;2
15,46;1,49;5;5;6;4;2;0;0;0;0;1;2;0;0;0;0;0;0;1
14,31;2,61;6;4;4;0;0;0;0;0;1;3;0;0;0;0;0;0;0;1
15,55;1,09;5;5;6;6;1;0;0;0;0;1;0;0;0;0;0;0;0;1
16,18;1,74;7;6;7;8;6;5;8;7;1;1;0;0;0;0;0;0;0;1
13,99;1,86;5;4;2;0;0;0;0;0;1;4;2;0;0;0;0;0;0;1
1,12;0,64;0;0;0;0;0;0;0;0;5;1;0;0;0;0;0;0;0;2
14,84;2,27;5;2;1;0;0;0;0;0;1;3;1;1;1;0;0;0;0;2
8,92;4,41;4;0;0;0;0;0;0;0;4;2;1;1;0;0;0;0;0;2
16,49;1,01;7;6;7;5;6;5;5;7;0;0;0;0;0;0;1;0;0;1
15,65;1,48;7;7;5;5;7;5;5;2;1;2;0;0;0;0;0;0;0;1
15,25;1,00;7;6;7;4;6;5;1;0;0;0;0;0;0;2;0;0;0;1
14,97;2,75;6;3;1;0;0;0;0;0;1;1;0;0;0;0;0;0;0;2
14,52;1,11;3;0;0;0;0;0;0;0;3;0;0;0;0;0;0;0;0;2
14,15;1,77;6;6;2;0;0;0;0;0;1;0;4;0;0;0;0;0;0;2
12,61;3,28;3;0;0;0;0;0;0;0;3;0;0;0;0;0;0;0;0;2
15,00;1,28;7;6;7;8;4;5;2;0;0;1;1;0;3;3;2;0;0;1
16,11;1,34;7;6;7;5;6;5;5;7;0;0;2;0;0;0;0;0;0;1
12,48;1,33;3;0;0;0;0;0;0;0;7;0;0;0;0;0;0;0;0;2
13,32;3,12;6;2;0;0;0;0;0;0;1;1;1;0;0;0;0;0;0;2
14,41;1,44;5;5;2;0;0;0;0;0;0;4;0;0;0;0;0;0;0;1
2,69;0,79;0;0;0;0;0;0;0;0;6;0;0;0;0;0;0;0;0;2
15,68;1,51;5;4;5;5;0;0;0;0;2;2;3;1;0;0;0;0;0;1
13,77;2,36;7;5;7;7;1;0;0;0;0;2;3;1;4;1;0;0;0;2
16,21;1,74;7;7;5;5;7;5;5;7;1;0;1;0;0;0;0;0;0;1
15,18;1,38;6;7;7;5;6;5;5;1;0;4;1;0;0;2;2;0;0;1
0,20;0,26;0;0;0;0;0;0;0;0;5;1;0;0;0;0;0;0;0;2
12,06;3,73;5;2;0;0;0;0;0;0;2;8;0;0;0;0;0;0;0;2
12,80;1,27;1;0;0;0;0;0;0;0;5;0;0;0;0;0;0;0;0;2
16,54;1,51;7;7;5;5;7;5;5;2;0;0;1;0;0;1;0;0;0;1
8,40;2,55;0;0;0;0;0;0;0;0;6;0;0;0;0;0;0;0;0;2
13,05;1,78;2;0;0;0;0;0;0;0;3;1;0;0;0;0;0;0;0;2
13,60;3,18;3;0;0;0;0;0;0;0;3;0;0;0;0;0;0;0;0;2
17,16;1,60;7;6;7;8;6;7;5;5;0;1;0;0;0;0;0;2;0;1
13,56;1,61;5;1;0;0;0;0;0;0;2;1;0;0;0;0;0;0;0;1
11,81;5,14;5;0;0;0;0;0;0;0;2;2;0;0;0;0;0;0;0;2
15,64;1,42;8;4;6;6;6;2;1;0;4;0;0;2;0;0;0;0;0;1
16,76;1,70;7;6;7;8;6;7;5;5;0;1;0;0;0;0;0;2;0;1
15,27;3,37;8;5;7;10;5;5;5;8;1;1;2;3;3;0;0;0;0;1
16,11;2,21;8;5;6;5;6;5;5;0;1;0;1;1;0;0;0;0;0;1
15,15;1,08;6;1;0;0;0;0;0;0;0;0;0;0;0;0;0;0;0;2
17,48;1,92;5;5;5;9;6;7;5;6;0;1;0;0;0;0;0;1;0;1
15,81;2,09;1;3;7;8;7;5;5;7;0;0;2;2;0;0;0;1;0;1
15,58;1,90;2;3;4;7;5;5;5;7;0;1;0;0;0;1;0;0;0;1
15,17;1,66;1;2;7;7;6;5;5;6;0;1;1;2;2;0;0;1;0;1
14,99;0,80;4;4;0;0;0;0;0;0;0;0;6;0;0;0;0;0;0;2
16,41;2,01;1;4;8;9;5;5;5;5;0;0;1;0;0;0;0;1;1;1
17,04;1,90;1;3;7;8;6;5;5;5;0;0;0;0;0;0;0;1;1;1
15,76;2,40;1;3;7;8;6;5;5;7;0;1;1;2;3;1;0;0;0;1
13,06;3,52;1;2;6;7;1;0;0;0;0;1;1;3;4;0;0;0;0;2
16,19;1,66;3;1;3;8;6;5;5;7;0;0;0;1;0;0;0;0;0;1
15,95;2,23;1;4;7;7;7;5;5;7;0;1;0;1;0;0;0;0;3;1
14,69;2,03;1;3;7;8;8;5;5;0;0;1;3;4;3;2;0;0;0;1
16,19;2,28;1;3;7;8;7;5;5;6;0;0;3;0;0;0;0;1;0;1
16,75;1,78;1;3;7;8;7;5;5;5;0;0;1;0;0;0;0;1;1;1
16,23;1,61;1;3;7;8;7;5;5;6;0;0;1;0;0;1;0;1;0;1
15,73;2,09;1;6;5;6;7;5;5;3;0;3;0;0;1;0;0;0;0;1
17,61;1,49;4;5;7;8;6;5;5;6;0;0;0;0;0;0;0;1;0;1
17,61;1,25;0;1;1;4;3;5;5;6;0;0;0;0;0;0;0;1;0;1
15,82;1,65;1;3;3;7;6;5;5;6;0;2;0;1;0;0;0;1;0;1
14,35;2,41;4;3;0;0;0;0;0;0;2;1;5;0;0;0;0;0;0;2
15,97;1,90;2;1;0;0;0;0;0;0;1;0;6;0;0;0;0;0;0;2
15,29;1,98;1;3;3;5;6;5;5;5;0;1;0;1;1;0;0;1;1;1
17,31;1,68;3;4;5;8;6;5;5;6;0;0;0;0;0;0;0;1;0;1
16,78;1,55;3;2;1;5;6;5;5;3;0;0;0;0;0;0;0;0;0;2
16,04;1,92;1;3;2;5;6;4;5;6;0;2;0;2;0;0;0;1;0;1
15,60;1,00;2;5;6;6;6;1;0;0;0;0;0;1;0;0;0;0;0;1
15,96;1,57;4;4;6;6;7;4;1;0;0;2;0;0;0;0;0;0;0;1
17,48;0,87;4;5;6;5;5;5;0;0;0;0;0;0;0;0;0;0;0;1
14,88;0,51;1;2;1;0;0;0;0;0;0;0;0;0;0;0;0;0;0;1
16,14;1,34;4;5;6;5;1;0;0;0;0;0;0;0;0;0;0;0;0;1
16,94;1,26;4;5;6;5;5;5;0;0;0;0;0;0;0;0;0;0;0;1
16,41;1,94;3;3;6;5;7;5;2;0;0;0;1;0;0;0;0;0;0;1
16,31;1,12;2;5;6;6;7;2;0;0;0;0;0;0;1;0;0;0;0;1
16,30;0,29;0;1;2;0;1;0;0;0;0;0;0;0;0;0;0;0;0;1
16,16;0,98;2;5;6;6;7;2;0;0;0;0;0;0;0;0;0;0;0;1
16,33;1,12;2;4;5;6;4;0;0;0;0;0;0;0;0;0;0;0;0;1
16,39;1,59;4;2;4;7;7;5;5;3;0;0;0;0;0;0;0;1;0;1
14,83;0,54;3;5;3;1;0;0;0;0;1;0;0;0;0;0;0;0;0;1
13,88;1,36;0;2;0;0;0;0;0;0;0;2;0;0;0;0;0;0;0;1
15,01;0,42;3;0;0;0;0;0;0;0;0;0;0;0;0;0;0;0;0;2
11,66;2,14;1;0;0;0;0;0;0;0;3;0;0;0;0;0;0;0;0;2
0,03;0,00;0;0;0;0;0;0;0;0;3;0;0;0;0;0;0;0;0;2
0,27;0,07;0;0;0;0;0;0;0;0;1;2;0;0;0;0;0;0;0;1
14,69;0,64;3;1;0;0;0;0;0;0;0;0;0;0;0;0;0;0;0;1
9,21;3,80;1;0;0;0;0;0;0;0;2;1;0;0;0;0;0;0;0;2
10,70;3,91;1;0;0;0;0;0;0;0;4;1;0;0;0;0;0;0;0;2
5,42;0,57;0;0;0;0;0;0;0;0;6;0;0;0;0;0;0;0;0;2
4,97;0,37;0;0;0;0;0;0;0;0;6;0;0;0;0;0;0;0;0;2
4,48;1,31;0;0;0;0;0;0;0;0;5;1;0;0;0;0;0;0;0;2
5,06;2,53;0;0;0;0;0;0;0;0;5;1;0;0;0;0;0;0;0;2
8,12;0,49;0;0;0;0;0;0;0;0;5;1;0;0;0;0;0;0;0;2
9,90;3,98;1;1;0;0;0;0;0;0;4;0;0;0;0;0;0;0;0;2
2,68;0,65;0;0;0;0;0;0;0;0;5;1;0;0;0;0;0;0;0;2
3,33;1,02;0;0;0;0;0;0;0;0;5;1;0;0;0;0;0;0;0;2
11,14;3,82;1;0;0;0;0;0;0;0;4;1;0;0;0;0;0;0;0;2
2,08;0,98;0;0;0;0;0;0;0;0;8;2;0;0;0;0;0;0;0;2
9,92;3,43;1;0;0;0;0;0;0;0;4;1;0;0;0;0;0;0;0;2
3,28;2,22;0;0;0;0;0;0;0;0;5;1;0;0;0;0;0;0;0;2
5,42;3,71;0;0;0;0;0;0;0;0;5;1;0;0;0;0;0;0;0;1
